N. POZZO;DATA;LIVELLO STATICO - m s.l.m.;LIVELLO DA PR - m;NOTE LIVELLO;data epoch
56;27/07/1999;5.22;-2.6;-;207
56;24/11/1999;5.97;-1.85;-;327
56;31/01/2000;4.5;-3.32;-;395
56;19/04/2000;5.87;-1.95;-;474
56;19/07/2000;3.44;-4.38;-;565
56;13/11/2000;4.3;-3.52;-;682
56;05/02/2001;5.2;-2.62;-;766
56;18/04/2001;5.09;-2.73;-;838
56;16/07/2001;4.7;-3.12;-;927
56;05/11/2001;4.55;-3.27;-;1039
56;28/01/2002;4.8;-3.02;-;1123
56;06/05/2002;4.8;-3.02;-;1221
56;22/07/2002;4.8;-3.02;-;1298
56;06/11/2002;4.8;-3.02;-;1405
56;27/01/2003;4.56;-3.26;-;1487
56;29/04/2003;5.8;-2.02;-;1579
56;22/07/2003;3.95;-3.87;-;1663
56;03/11/2003;4.24;-3.58;-;1767
56;27/01/2004;4.65;-3.17;-;1852
56;03/05/2004;4.28;-3.54;-;1949
56;02/08/2004;4.52;-3.3;-;2040
56;16/11/2004;4.74;-3.08;-;2146
56;31/01/2005;;;N.R.;2222
56;29/04/2005;4.66;-3.16;-;2310
56;29/07/2005;4.24;-3.58;-;2401
56;08/11/2005;4.9;-2.92;-;2503
56;06/02/2006;;;N.R.;2593
56;05/06/2006;4.7;-3.12;-;2712
56;27/07/2006;4.34;-3.48;-;2764
56;06/11/2006;4.57;-3.25;-;2866
56;07/02/2007;4.91;-2.91;-;2959
56;27/04/2007;4.84;-2.98;-;3038
56;26/07/2007;4.34;-3.48;-;3128
56;08/11/2007;4.22;-3.6;-;3233
56;12/02/2008;4.8;-3.02;-;3329
56;21/04/2008;4.62;-3.2;-;3398
56;17/07/2008;4.72;-3.1;-;3485
56;12/11/2008;4.52;-3.3;-;3603
56;05/02/2009;5.02;-2.8;-;3688
56;11/05/2009;5.29;-2.53;-;3783
56;20/07/2009;4.62;-3.2;-;3853
56;03/11/2009;4.77;-3.05;-;3959
56;04/02/2010;4.86;-2.96;-;4052
56;22/04/2010;5.21;-2.61;-;4129
56;20/07/2010;4.62;-3.2;-;4218
56;10/11/2010;5.14;-2.68;-;4331
56;25/01/2011;5.02;-2.8;-;4407
56;20/04/2011;4.87;-2.95;-;4492
56;11/07/2011;4.52;-3.3;-;4574
56;02/11/2011;4.38;-3.44;-;4688
56;20/02/2012;4.88;-2.94;-;4798
56;16/04/2012;4.72;-3.1;-;4854
56;10/07/2012;4.15;-3.67;-;4939
56;05/11/2012;4.29;-3.53;-;5057
56;29/01/2013;4.22;-3.6;-;5142
56;17/04/2013;4.71;-3.11;-;5220
56;25/07/2013;4.38;-3.44;-;5319
56;24/10/2013;4.36;-3.46;-;5410
56;31/01/2014;5.37;-2.45;-;5509
56;15/04/2014;5.72;-2.1;-;5583
56;22/07/2014;5.92;-1.9;-;5681
56;11/11/2014;6.26;-1.56;-;5793
56;02/02/2015;6.77;-1.05;-;5876
56;07/05/2015;6.29;-1.53;-;5970
56;24/07/2015;5.87;-1.95;-;6048
56;28/10/2015;5.26;-2.56;-;6144
56;01/02/2016;6.8;-1.02;-;6240
56;18/04/2016;;;N.R.;6317
56;15/07/2016;4.6;-3.22;-;6405
56;16/11/2016;6.2;-1.62;-;6529
56;27/01/2017;6.77;-1.05;-;6601
56;12/04/2017;4.8;-3.02;-;6676
56;21/07/2017;5.6;-2.22;-;6776
56;08/11/2017;5.11;-2.71;-;6886
56;26/01/2018;5.29;-2.53;-;6965
56;09/04/2018;4.67;-3.15;-;7038
56;16/07/2018;;;N.R.;7136
56;24/10/2018;4.65;-3.17;-;7236
56;23/01/2019;5.01;-2.81;-;7327
56;08/04/2019;4.8;-3.02;-;7402
56;16/07/2019;5.59;-2.23;-;7501
56;22/10/2019;4.45;-3.37;-;7599
56;30/01/2020;4.95;-2.87;-;7699
56;08/04/2020;5.82;-2;-;7768
56;16/07/2020;5.5;-2.32;-;7867
56;29/10/2020;4.52;-3.3;-;7972
56;22/01/2021;4.5;-3.32;-;8057
56;15/04/2021;4.48;-3.34;-;8140
56;12/07/2021;6.55;-1.27;-;8228
56;28/10/2021;4.45;-3.37;-;8336
58;10/05/1999;15.11;-2.12;-;129
58;27/07/1999;15.03;-2.2;-;207
58;17/11/1999;15.76;-1.47;-;320
58;24/01/2000;15.3;-1.93;-;388
58;21/04/2000;14.63;-2.6;-;476
58;19/07/2000;14.75;-2.48;-;565
58;10/11/2000;15.5;-1.73;-;679
58;07/02/2001;15.6;-1.63;-;768
58;24/04/2001;15.68;-1.55;-;844
58;19/07/2001;15.1;-2.13;-;930
58;20/11/2001;14.83;-2.4;-;1054
58;07/05/2002;15.36;-1.87;-;1222
58;24/07/2002;14.96;-2.27;-;1300
58;14/11/2002;15.13;-2.1;-;1413
58;07/02/2003;15.6;-1.63;-;1498
58;07/05/2003;15.48;-1.75;-;1587
58;29/07/2003;14.78;-2.45;-;1670
58;07/11/2003;14.58;-2.65;-;1771
58;02/02/2004;15.16;-2.07;-;1858
58;10/05/2004;15.56;-1.67;-;1956
58;09/08/2004;;;N.R.;2047
58;15/11/2004;15.14;-2.09;-;2145
58;31/01/2005;;;N.R.;2222
58;27/04/2005;15.2;-2.03;-;2308
58;29/07/2005;14.99;-2.24;-;2401
58;09/11/2005;15.79;-1.44;-;2504
58;06/02/2006;;;N.R.;2593
58;29/05/2006;15.2;-2.03;-;2705
58;24/07/2006;14.86;-2.37;-;2761
58;08/11/2006;14.91;-2.32;-;2868
58;05/02/2007;15.1;-2.13;-;2957
58;24/04/2007;15.23;-2;-;3035
58;25/07/2007;14.55;-2.68;-;3127
58;08/11/2007;14.01;-3.22;-;3233
58;04/02/2008;14.13;-3.1;-;3321
58;20/04/2008;14.46;-2.77;-;3397
58;17/07/2008;14.59;-2.64;-;3485
58;03/11/2008;14.23;-3;-;3594
58;05/02/2009;14.96;-2.27;-;3688
58;11/05/2009;14.98;-2.25;-;3783
58;20/07/2009;14.51;-2.72;-;3853
58;02/11/2009;14.26;-2.97;-;3958
58;02/02/2010;14.59;-2.64;-;4050
58;20/04/2010;14.68;-2.55;-;4127
58;19/07/2010;14.51;-2.72;-;4217
58;09/11/2010;14.93;-2.3;-;4330
58;25/01/2011;14.96;-2.27;-;4407
58;18/04/2011;14.82;-2.41;-;4490
58;08/07/2011;14.26;-2.97;-;4571
58;02/11/2011;14.23;-3;-;4688
58;20/02/2012;14.26;-2.97;-;4798
58;17/04/2012;14.25;-2.98;-;4855
58;13/07/2012;13.9;-3.33;-;4942
58;31/10/2012;13.73;-3.5;-;5052
58;04/02/2013;14.95;-2.28;-;5148
58;17/04/2013;15.03;-2.2;-;5220
58;23/07/2013;14.47;-2.76;-;5317
58;21/10/2013;14.35;-2.88;-;5407
58;05/02/2014;;;N.R.;5514
58;22/04/2014;15.59;-1.64;-;5590
58;23/07/2014;15.86;-1.37;-;5682
58;21/10/2014;;;N.R.;5772
58;12/02/2015;;;N.R.;5886
58;20/04/2015;14.91;-2.32;-;5953
58;30/07/2015;15;-2.23;-;6054
58;05/11/2015;14.87;-2.36;-;6152
58;01/02/2016;14.81;-2.42;-;6240
58;18/04/2016;15.31;-1.92;-;6317
58;15/07/2016;15.03;-2.2;-;6405
58;08/11/2016;15.9;-1.33;-;6521
58;31/01/2017;15.1;-2.13;-;6605
58;02/05/2017;16.23;-1;-;6696
58;21/07/2017;14.68;-2.55;-;6776
58;31/10/2017;14.83;-2.4;-;6878
58;26/01/2018;14.93;-2.3;-;6965
58;09/04/2018;15.36;-1.87;-;7038
58;16/07/2018;15.05;-2.18;-;7136
58;05/11/2018;14.87;-2.36;-;7248
58;23/01/2019;15.22;-2.01;-;7327
58;09/04/2019;15.3;-1.93;-;7403
58;16/07/2019;15.2;-2.03;-;7501
58;28/10/2019;15.12;-2.11;-;7605
58;30/01/2020;15.3;-1.93;-;7699
58;09/04/2020;15.11;-2.12;-;7769
58;16/07/2020;14.85;-2.38;-;7867
58;02/11/2020;15.1;-2.13;-;7976
58;22/01/2021;15.34;-1.89;-;8057
58;12/04/2021;15.54;-1.69;-;8137
58;12/07/2021;15.26;-1.97;-;8228
58;25/10/2021;14.92;-2.31;-;8333
60;10/05/1999;15.82;-1.6;-;129
60;20/07/1999;15.65;-1.77;-;200
60;11/11/1999;15.9;-1.52;-;314
60;02/02/2000;;;N.R.;397
60;17/04/2000;15.9;-1.52;-;472
60;26/07/2000;15.82;-1.6;-;572
60;07/11/2000;16.22;-1.2;-;676
60;07/02/2001;16.02;-1.4;-;768
60;23/04/2001;16.37;-1.05;-;843
60;18/07/2001;15.86;-1.56;-;929
60;06/11/2001;15.91;-1.51;-;1040
60;29/01/2002;15.94;-1.48;-;1124
60;23/04/2002;15.52;-1.9;-;1208
60;31/07/2002;15.72;-1.7;-;1307
60;05/11/2002;15.71;-1.71;-;1404
60;10/02/2003;16.06;-1.36;-;1501
60;06/05/2003;16.05;-1.37;-;1586
60;23/07/2003;15.69;-1.73;-;1664
60;11/11/2003;15.91;-1.51;-;1775
60;30/01/2004;15.88;-1.54;-;1855
60;10/05/2004;16.1;-1.32;-;1956
60;04/08/2004;15.95;-1.47;-;2042
60;08/11/2004;16.25;-1.17;-;2138
60;31/01/2005;;;N.R.;2222
60;03/05/2005;16.13;-1.29;-;2314
60;01/08/2005;15.88;-1.54;-;2404
60;07/11/2005;16.19;-1.23;-;2502
60;06/02/2006;;;N.R.;2593
60;31/05/2006;15.92;-1.5;-;2707
60;26/07/2006;15.74;-1.68;-;2763
60;14/11/2006;15.64;-1.78;-;2874
60;12/02/2007;16.17;-1.25;-;2964
60;20/04/2007;16.27;-1.15;-;3031
60;23/07/2007;16.02;-1.4;-;3125
60;12/11/2007;16.22;-1.2;-;3237
60;04/02/2008;16.12;-1.3;-;3321
60;23/04/2008;16.15;-1.27;-;3400
60;17/07/2008;16.09;-1.33;-;3485
60;04/11/2008;;;N.R.;3595
60;05/02/2009;16.32;-1.1;-;3688
60;08/05/2009;;;N.R.;3780
60;21/07/2009;16.69;-0.73;-;3854
60;02/11/2009;16.69;-0.73;-;3958
60;04/02/2010;16.67;-0.75;-;4052
60;23/04/2010;16.72;-0.7;-;4130
60;19/07/2010;16.55;-0.87;-;4217
60;24/01/2011;16.97;-0.45;-;4406
60;29/04/2011;16.87;-0.55;-;4501
60;15/07/2011;16.82;-0.6;-;4578
60;15/11/2011;16.89;-0.53;-;4701
60;22/02/2012;16.77;-0.65;-;4800
60;27/04/2012;16.47;-0.95;-;4865
60;17/07/2012;16.32;-1.1;-;4946
60;15/11/2012;16.58;-0.84;-;5067
60;30/01/2013;16.8;-0.62;-;5143
60;03/05/2013;16.8;-0.62;-;5236
60;29/07/2013;16.48;-0.94;-;5323
60;04/11/2013;16.75;-0.67;-;5421
60;05/02/2014;16.65;-0.77;-;5514
60;24/04/2014;16.85;-0.57;-;5592
60;14/07/2014;16.69;-0.73;-;5673
60;28/10/2014;16.64;-0.78;-;5779
60;12/02/2015;16.58;-0.84;-;5886
60;27/04/2015;16.52;-0.9;-;5960
60;23/07/2015;16.23;-1.19;-;6047
60;02/11/2015;16.12;-1.3;-;6149
60;02/02/2016;15.92;-1.5;-;6241
60;03/05/2016;15.94;-1.48;-;6332
60;08/07/2016;15.82;-1.6;-;6398
60;02/11/2016;15.97;-1.45;-;6515
60;30/01/2017;15.95;-1.47;-;6604
60;11/04/2017;15.74;-1.68;-;6675
60;07/07/2017;15.52;-1.9;-;6762
60;24/10/2017;15.59;-1.83;-;6871
60;22/01/2018;15.72;-1.7;-;6961
60;12/04/2018;15.9;-1.52;-;7041
60;12/07/2018;15.52;-1.9;-;7132
60;29/10/2018;15.76;-1.66;-;7241
60;30/01/2019;15.62;-1.8;-;7334
60;11/04/2019;15.68;-1.74;-;7405
60;15/07/2019;15.62;-1.8;-;7500
60;04/11/2019;15.9;-1.52;-;7612
60;29/01/2020;16.22;-1.2;-;7698
60;20/04/2020;;;N.R.;7780
60;07/05/2020;16.33;-1.09;-;7797
60;08/07/2020;16.19;-1.23;-;7859
60;04/11/2020;16.18;-1.24;-;7978
60;27/01/2021;16.33;-1.09;-;8062
60;12/04/2021;16.13;-1.29;-;8137
60;07/07/2021;16.11;-1.31;-;8223
60;27/10/2021;16.08;-1.34;-;8335
66;06/05/1999;11.79;-2.41;-;125
66;27/07/1999;10.57;-3.63;-;207
66;17/11/1999;12.17;-2.03;-;320
66;21/01/2000;11.91;-2.29;-;385
66;21/04/2000;11.95;-2.25;-;476
66;19/07/2000;10.6;-3.6;-;565
66;10/11/2000;12.47;-1.73;-;679
66;07/02/2001;12.08;-2.12;-;768
66;24/04/2001;12.2;-2;-;844
66;19/07/2001;11.06;-3.14;-;930
66;09/11/2001;10.89;-3.31;-;1043
66;01/02/2002;11.52;-2.68;-;1127
66;07/05/2002;12.18;-2.02;-;1222
66;24/07/2002;11.85;-2.35;-;1300
66;14/11/2002;11.8;-2.4;-;1413
66;07/02/2003;12.3;-1.9;-;1498
66;07/05/2003;11.75;-2.45;-;1587
66;29/07/2003;10.66;-3.54;-;1670
66;07/11/2003;10.43;-3.77;-;1771
66;02/02/2004;11.76;-2.44;-;1858
66;14/05/2004;12.15;-2.05;-;1960
66;09/08/2004;10.93;-3.27;-;2047
66;12/11/2004;11.38;-2.82;-;2142
66;31/01/2005;;;N.R.;2222
66;02/05/2005;12.02;-2.18;-;2313
66;29/07/2005;10.6;-3.6;-;2401
66;14/11/2005;12.17;-2.03;-;2509
66;06/02/2006;;;N.R.;2593
66;29/05/2006;11.65;-2.55;-;2705
66;21/07/2006;;;N.R.;2758
67;10/05/1999;14.34;-1.83;-;129
67;27/07/1999;12.61;-3.56;-;207
67;22/11/1999;14.66;-1.51;-;325
67;21/01/2000;14.23;-1.94;-;385
67;21/04/2000;14.3;-1.87;-;476
67;19/07/2000;13.64;-2.53;-;565
67;10/11/2000;14.84;-1.33;-;679
67;05/02/2001;14.76;-1.41;-;766
67;24/04/2001;14.77;-1.4;-;844
67;19/07/2001;13.86;-2.31;-;930
67;09/11/2001;13.94;-2.23;-;1043
67;01/02/2002;14.46;-1.71;-;1127
67;07/05/2002;14.75;-1.42;-;1222
67;24/07/2002;14.54;-1.63;-;1300
67;14/11/2002;14.37;-1.8;-;1413
67;07/02/2003;14.63;-1.54;-;1498
67;07/05/2003;13.81;-2.36;-;1587
67;29/07/2003;13.78;-2.39;-;1670
67;07/11/2003;14;-2.17;-;1771
67;02/02/2004;14.54;-1.63;-;1858
67;14/05/2004;14.74;-1.43;-;1960
67;09/08/2004;14.14;-2.03;-;2047
67;15/11/2004;14.84;-1.33;-;2145
67;31/01/2005;;;N.R.;2222
67;27/04/2005;14.97;-1.2;-;2308
67;29/07/2005;12.84;-2.94;-;2401
67;09/11/2005;14.7;-1.08;-;2504
67;06/02/2006;;;N.R.;2593
67;29/05/2006;14.09;-1.69;-;2705
67;24/07/2006;13.56;-2.22;-;2761
67;08/11/2006;13.67;-2.11;-;2868
67;05/02/2007;14.08;-1.7;-;2957
67;02/05/2007;13.76;-2.02;-;3043
67;25/07/2007;13.53;-2.25;-;3127
67;06/11/2007;13.78;-2;-;3231
67;04/02/2008;14.33;-1.45;-;3321
67;21/04/2008;14.55;-1.23;-;3398
67;17/07/2008;14.23;-1.55;-;3485
67;04/11/2008;13.93;-1.85;-;3595
67;05/02/2009;14.73;-1.05;-;3688
67;14/05/2009;14.39;-1.39;-;3786
67;20/07/2009;13.85;-1.93;-;3853
67;02/11/2009;13.73;-2.05;-;3958
67;02/02/2010;14.41;-1.37;-;4050
67;20/04/2010;14.38;-1.4;-;4127
67;19/07/2010;13.98;-1.8;-;4217
67;25/01/2011;14.38;-1.4;-;4407
67;18/04/2011;14.08;-1.7;-;4490
67;08/07/2011;13.78;-2;-;4571
67;07/11/2011;14.22;-1.56;-;4693
67;21/02/2012;13.88;-1.9;-;4799
67;17/04/2012;14.28;-1.5;-;4855
67;09/07/2012;13.11;-2.67;-;4938
67;31/10/2012;14.1;-1.68;-;5052
68;10/05/1999;-0.47;-2.19;-;129
68;29/07/1999;-1.38;-3.1;-;209
68;23/11/1999;-0.98;-2.7;-;326
68;17/01/2000;-0.74;-2.46;-;381
68;19/04/2000;-0.28;-2;-;474
68;19/07/2000;-1.47;-3.19;-;565
68;13/11/2000;-1.48;-3.2;-;682
68;05/02/2001;-0.78;-2.5;-;766
68;18/04/2001;0.26;-1.46;-;838
68;16/07/2001;-1.18;-2.9;-;927
68;05/11/2001;-1.81;-3.53;-;1039
68;28/01/2002;-1.3;-3.02;-;1123
68;06/05/2002;-0.91;-2.63;-;1221
68;22/07/2002;-1.89;-3.61;-;1298
68;06/11/2002;;;N.R.;1405
68;28/01/2003;0.05;-1.67;-;1488
68;29/04/2003;-0.99;-2.71;-;1579
68;22/07/2003;-2.09;-3.81;-;1663
68;03/11/2003;-1.66;-3.85;-;1767
68;27/01/2004;-1.25;-3.44;-;1852
68;08/05/2004;-0.24;-2.43;-;1954
68;02/08/2004;-1.44;-3.63;-;2040
68;16/11/2004;-1.17;-3.36;-;2146
68;31/01/2005;;;N.R.;2222
68;29/04/2005;-0.61;-2.8;-;2310
68;25/07/2005;-1.57;-3.76;-;2397
68;08/11/2005;0.02;-2.17;-;2503
68;06/02/2006;;;N.R.;2593
68;05/06/2006;-0.72;-2.91;-;2712
68;27/07/2006;-1.06;-3.25;-;2764
68;06/11/2006;-1.09;-3.28;-;2866
68;07/02/2007;-0.88;-3.07;-;2959
68;30/04/2007;-0.76;-2.95;-;3041
68;30/07/2007;-1.76;-3.95;-;3132
68;27/11/2007;-1.44;-3.63;-;3252
68;12/02/2008;-1.19;-3.38;-;3329
68;06/05/2008;-1.52;-3.71;-;3413
68;23/07/2008;-1.78;-3.97;-;3491
68;10/11/2008;;;N.R.;3601
68;11/02/2009;0.049;-2.14;-;3694
68;12/05/2009;-0.06;-2.25;-;3784
68;21/07/2009;-1.03;-3.22;-;3854
68;03/11/2009;-1.2;-3.39;-;3959
69;13/05/1999;34.12;-1.62;-;132
69;21/07/1999;34.24;-1.5;-;201
69;09/11/1999;33.9;-1.84;-;312
69;24/01/2000;33.99;-1.75;-;388
69;20/04/2000;34.08;-1.66;-;475
69;19/07/2000;34.17;-1.57;-;565
69;06/11/2000;34.85;-0.89;-;675
69;07/02/2001;;;N.R.;768
69;23/04/2001;;;N.R.;843
69;19/07/2001;34.44;-1.3;-;930
69;06/11/2001;;;N.R.;1040
69;29/01/2002;;;N.R.;1124
69;23/04/2002;;;N.R.;1208
69;31/07/2002;;;N.R.;1307
69;22/11/2002;35.24;-0.5;-;1421
69;07/02/2003;34.12;-1.62;-;1498
69;05/05/2003;33.89;-1.85;-;1585
69;24/07/2003;34.96;-0.78;-;1665
69;05/11/2003;34.2;-1.54;-;1769
69;28/01/2004;34.12;-1.62;-;1853
69;05/05/2004;34.55;-1.19;-;1951
69;09/08/2004;34.32;-1.42;-;2047
69;15/11/2004;34.29;-1.45;-;2145
69;31/01/2005;;;N.R.;2222
69;27/04/2005;34.46;-1.28;-;2308
69;29/07/2005;33.99;-1.75;-;2401
69;09/11/2005;34.66;-1.08;-;2504
69;06/02/2006;;;N.R.;2593
69;29/05/2006;34.22;-1.52;-;2705
69;24/07/2006;34.45;-1.29;-;2761
69;08/11/2006;33.84;-1.9;-;2868
69;05/02/2007;33.94;-1.8;-;2957
69;20/04/2007;33.89;-1.85;-;3031
69;25/07/2007;34.21;-1.53;-;3127
69;08/11/2007;33.92;-1.82;-;3233
69;05/02/2008;34.97;-0.77;-;3322
69;22/04/2008;34.72;-1.02;-;3399
69;21/07/2008;34.02;-1.72;-;3489
69;10/11/2008;34.04;-1.7;-;3601
69;09/02/2009;34.5;-1.24;-;3692
69;14/05/2009;33.96;-1.78;-;3786
69;21/07/2009;35.11;-0.63;-;3854
69;09/11/2009;34.87;-0.87;-;3965
69;04/02/2010;34.07;-1.67;-;4052
69;19/04/2010;34.2;-1.54;-;4126
69;12/07/2010;34.16;-1.58;-;4210
69;08/11/2010;35.31;-0.43;-;4329
69;24/01/2011;34.16;-1.58;-;4406
69;20/04/2011;33.82;-1.92;-;4492
69;28/07/2011;34.49;-1.25;-;4591
69;31/10/2011;34.13;-1.61;-;4686
69;24/02/2012;34.09;-1.65;-;4802
69;16/04/2012;34.35;-1.39;-;4854
69;18/07/2012;34.26;-1.48;-;4947
69;12/11/2012;34.34;-1.4;-;5064
69;04/02/2013;34.16;-1.58;-;5148
69;15/04/2013;34.22;-1.52;-;5218
69;24/07/2013;34.24;-1.5;-;5318
69;24/10/2013;34.34;-1.4;-;5410
69;05/02/2014;35.1;-0.64;-;5514
69;23/04/2014;;;mancanza d'acqua;5591
69;15/07/2014;34.27;-1.47;-;5674
69;21/10/2014;;;N.R.;5772
69;12/02/2015;35.21;-0.53;-;5886
69;21/04/2015;;;mancanza d'acqua;5954
69;23/07/2015;34.27;-1.47;-;6047
69;04/11/2015;34.07;-1.67;-;6151
69;02/02/2016;34.03;-1.71;-;6241
69;20/04/2016;34.14;-1.6;-;6319
69;08/07/2016;34.39;-1.35;-;6398
69;03/11/2016;34.39;-1.35;-;6516
69;30/01/2017;;;mancanza d'acqua;6604
69;20/04/2017;;;mancanza d'acqua;6684
69;07/07/2017;35.51;-0.23;-;6762
69;30/10/2017;34.01;-1.73;-;6877
69;22/01/2018;34.17;-1.57;-;6961
69;16/04/2018;34.15;-1.59;-;7045
69;12/07/2018;34.3;-1.44;-;7132
69;25/10/2018;34.09;-1.65;-;7237
69;30/01/2019;;;mancanza d'acqua;7334
69;15/04/2019;;;mancanza d'acqua;7409
69;15/07/2019;34.21;-1.53;-;7500
69;24/10/2019;;;mancanza d'acqua;7601
69;29/01/2020;33.99;-1.75;-;7698
69;23/04/2020;34.16;-1.58;-;7783
69;27/10/2020;34.2;-1.54;-;7970
69;27/01/2021;34.34;-1.4;-;8062
69;22/04/2021;34.14;-1.6;-;8147
69;07/07/2021;34.19;-1.55;-;8223
69;19/10/2021;34.04;-1.7;-;8327
73;20/05/1999;15.67;-3.45;-;139
73;27/07/1999;15.92;-3.2;-;207
73;22/11/1999;16.73;-2.39;-;325
73;24/01/2000;16.23;-2.89;-;388
73;21/04/2000;16.22;-2.9;-;476
73;26/07/2000;;;N.R.;572
73;10/11/2000;16.8;-2.32;-;679
73;05/02/2001;16.75;-2.37;-;766
73;24/04/2001;;;N.R.;844
73;19/07/2001;;;N.R.;930
73;05/11/2001;;;N.R.;1039
73;01/02/2002;15.88;-3.24;-;1127
73;07/05/2002;16.45;-2.67;-;1222
73;24/07/2002;15.99;-3.13;-;1300
73;28/11/2002;;;N.R.;1427
73;10/02/2003;17.46;-1.66;-;1501
73;07/05/2003;16.43;-2.69;-;1587
73;28/07/2003;;;N.R.;1669
75;13/05/1999;34.52;-1.36;-;132
75;20/07/1999;34.37;-1.51;-;200
75;11/11/1999;34.83;-1.05;-;314
75;01/02/2000;34.14;-1.74;-;396
75;17/04/2000;34.73;-1.15;-;472
75;17/07/2000;33.84;-2.04;-;563
75;06/11/2000;34.81;-1.07;-;675
75;06/02/2001;34.55;-1.33;-;767
75;20/04/2001;34.74;-1.14;-;840
75;18/07/2001;34.22;-1.66;-;929
75;06/11/2001;34.26;-1.62;-;1040
75;29/01/2002;34.72;-1.16;-;1124
75;24/04/2002;34.66;-1.22;-;1209
75;23/07/2002;34.61;-1.27;-;1299
75;05/11/2002;34.47;-1.41;-;1404
75;04/02/2003;34.53;-1.35;-;1495
75;30/04/2003;34.34;-1.54;-;1580
75;21/07/2003;33.54;-2.34;-;1662
75;04/11/2003;34.6;-1.28;-;1768
75;26/01/2004;34.58;-1.3;-;1851
75;05/05/2004;34.94;-0.94;-;1951
75;03/08/2004;34.12;-1.76;-;2041
75;10/11/2004;34.62;-1.26;-;2140
75;31/01/2005;;;N.R.;2222
75;28/04/2005;34.81;-1.07;-;2309
75;26/07/2005;34.21;-1.67;-;2398
75;11/11/2005;34.81;-1.07;-;2506
75;06/02/2006;;;N.R.;2593
75;31/05/2006;34.23;-1.65;-;2707
75;25/07/2006;33.51;-2.37;-;2762
75;07/11/2006;33.97;-1.91;-;2867
75;09/02/2007;34.3;-1.58;-;2961
75;20/04/2007;34.03;-1.85;-;3031
75;23/07/2007;33.61;-2.27;-;3125
75;09/11/2007;34.32;-1.56;-;3234
75;05/02/2008;34.93;-0.95;-;3322
75;23/04/2008;34.86;-1.02;-;3400
75;18/07/2008;34.11;-1.77;-;3486
75;05/11/2008;34.84;-1.04;-;3596
75;09/02/2009;34.78;-1.1;-;3692
75;21/05/2009;34.25;-1.63;-;3793
75;21/07/2009;34.16;-1.72;-;3854
75;09/11/2009;34.95;-0.93;-;3965
75;04/02/2010;34.46;-1.42;-;4052
75;19/04/2010;34.19;-1.69;-;4126
75;27/07/2010;34.06;-1.82;-;4225
75;08/11/2010;34.81;-1.07;-;4329
75;24/01/2011;34.54;-1.34;-;4406
75;20/04/2011;34.08;-1.8;-;4492
75;11/07/2011;34.69;-1.19;-;4574
75;31/10/2011;34.69;-1.19;-;4686
75;22/02/2012;34.26;-1.62;-;4800
75;16/04/2012;34.27;-1.61;-;4854
75;17/07/2012;33.76;-2.12;-;4946
75;02/11/2012;34.8;-1.08;-;5054
75;30/01/2013;34.58;-1.3;-;5143
75;15/04/2013;34.63;-1.25;-;5218
75;29/07/2013;34;-1.88;-;5323
75;24/10/2013;34.06;-1.82;-;5410
75;05/02/2014;34.97;-0.91;-;5514
75;29/04/2014;34.4;-1.48;-;5597
75;15/07/2014;34.2;-1.68;-;5674
75;28/10/2014;34.42;-1.46;-;5779
75;12/02/2015;34.68;-1.2;-;5886
75;22/04/2015;34.15;-1.73;-;5955
75;23/07/2015;33.78;-2.1;-;6047
75;10/11/2015;34.19;-1.69;-;6157
75;02/02/2016;34.02;-1.86;-;6241
75;03/05/2016;34.24;-1.64;-;6332
75;08/07/2016;33.98;-1.9;-;6398
75;14/11/2016;35.07;-0.81;-;6527
75;30/01/2017;34.66;-1.22;-;6604
75;19/04/2017;35.28;-0.6;-;6683
75;07/07/2017;34.84;-1.04;-;6762
75;09/11/2017;34.25;-1.63;-;6887
75;01/02/2018;34.11;-1.77;-;6971
75;23/04/2018;34.42;-1.46;-;7052
75;12/07/2018;34.71;-1.17;-;7132
75;06/11/2018;34.9;-0.98;-;7249
75;30/01/2019;34.02;-1.86;-;7334
75;23/04/2019;35.05;-0.83;-;7417
75;15/07/2019;34.72;-1.16;-;7500
75;29/10/2019;34.21;-1.67;-;7606
75;29/01/2020;34.14;-1.74;-;7698
75;22/04/2020;33.92;-1.96;-;7782
75;08/07/2020;33.98;-1.9;-;7859
75;03/11/2020;34.27;-1.61;-;7977
75;27/01/2021;34.82;-1.06;-;8062
76;11/11/1999;41.25;-5.86;-;314
76;01/02/2000;40.52;-6.6;-;396
76;17/04/2000;39.62;-7.5;-;472
76;17/07/2000;39.54;-7.57;-;563
76;08/11/2000;41.19;-5.92;-;677
76;06/02/2001;41.75;-5.36;-;767
76;20/04/2001;41.19;-5.92;-;840
76;19/07/2001;41.04;-6.07;-;930
76;07/11/2001;40.6;-6.51;-;1041
76;04/02/2002;39.36;-7.75;-;1130
76;10/05/2002;39.1;-8.01;-;1225
76;24/07/2002;40.55;-6.56;-;1300
76;12/11/2002;40.98;-6.13;-;1411
76;28/01/2003;41.02;-6.09;-;1488
76;05/05/2003;39.84;-7.27;-;1585
76;24/07/2003;39.39;-7.72;-;1665
76;05/11/2003;39.38;-7.73;-;1769
76;26/01/2004;39.73;-7.38;-;1851
76;03/08/2004;40.62;-6.49;-;2041
76;18/11/2004;41;-6.11;-;2148
76;31/01/2005;;;N.R.;2222
76;28/04/2005;39.52;-7.59;-;2309
76;26/07/2005;39.85;-7.26;-;2398
76;10/11/2005;41.11;-6;-;2505
76;06/02/2006;;;N.R.;2593
76;30/05/2006;39.61;-7.5;-;2706
76;25/07/2006;39.24;-7.87;-;2762
76;07/11/2006;40.19;-6.92;-;2867
76;05/02/2007;39.21;-7.9;-;2957
76;27/04/2007;38.92;-8.19;-;3038
76;23/07/2007;39.71;-7.4;-;3125
76;11/11/2007;40.21;-6.9;-;3236
76;06/02/2008;39.4;-7.71;-;3323
76;24/04/2008;39.21;-7.9;-;3401
76;18/07/2008;40.45;-6.66;-;3486
76;05/11/2008;40.96;-6.15;-;3596
77;18/05/1999;2.72;-1.85;-;137
77;29/07/1999;1.13;-3.44;-;209
77;23/11/1999;3.12;-1.45;-;326
77;17/01/2000;2.8;-1.77;-;381
77;19/04/2000;2.88;-1.69;-;474
77;19/07/2000;2.19;-2.38;-;565
77;13/11/2000;2.46;-2.11;-;682
77;05/02/2001;3.18;-1.39;-;766
77;18/04/2001;3.2;-1.37;-;838
77;16/07/2001;2.36;-2.21;-;927
77;05/11/2001;2.01;-2.56;-;1039
77;28/01/2002;2.13;-2.44;-;1123
77;06/05/2002;2.91;-1.66;-;1221
77;22/07/2002;2.53;-2.04;-;1298
77;06/11/2002;2.37;-2.2;-;1405
77;27/01/2003;3.12;-1.45;-;1487
77;29/04/2003;2.94;-1.63;-;1579
77;22/07/2003;2.19;-2.38;-;1663
78;10/05/1999;9.17;-3.93;-;129
78;29/07/1999;8.83;-4.27;-;209
78;24/11/1999;8.94;-4.16;-;327
78;25/01/2000;9.25;-3.85;-;389
78;18/04/2000;9.42;-3.68;-;473
78;18/07/2000;9.1;-4;-;564
78;09/11/2000;8.69;-4.41;-;678
78;09/02/2001;9.48;-3.62;-;770
78;19/04/2001;10.39;-2.71;-;839
78;27/07/2001;10.04;-3.06;-;938
78;08/11/2001;9.25;-3.85;-;1042
78;31/01/2002;9.18;-3.92;-;1126
78;02/05/2002;9.5;-3.6;-;1217
78;26/07/2002;9.68;-3.42;-;1302
78;07/11/2002;9.76;-3.34;-;1406
78;11/02/2003;10.59;-2.51;-;1502
78;08/05/2003;10.33;-2.77;-;1588
78;25/07/2003;9.47;-3.63;-;1666
78;06/11/2003;8.87;-4.23;-;1770
78;04/02/2004;9.2;-3.9;-;1860
78;13/05/2004;11.4;-1.7;-;1959
78;05/08/2004;9.88;-3.22;-;2043
78;11/11/2004;9.54;-3.56;-;2141
78;31/01/2005;;;N.R.;2222
78;05/05/2005;9.93;-3.17;-;2316
78;03/08/2005;9.24;-3.86;-;2406
78;14/11/2005;10;-3.1;-;2509
78;06/02/2006;;;N.R.;2593
78;01/06/2006;9.89;-3.21;-;2708
78;01/08/2006;9.37;-3.73;-;2769
78;09/11/2006;9.04;-4.06;-;2869
78;08/02/2007;9.2;-3.9;-;2960
78;02/05/2007;9.47;-3.63;-;3043
79;10/05/1999;18.19;-1.63;-;129
79;20/07/1999;17.62;-2.2;-;200
79;11/11/1999;18.33;-1.49;-;314
79;20/01/2000;18.07;-1.75;-;384
79;18/04/2000;18.17;-1.65;-;473
79;26/07/2000;17.14;-2.68;-;572
79;07/11/2000;18.7;-1.12;-;676
79;07/02/2001;18.26;-1.56;-;768
79;23/04/2001;18.4;-1.42;-;843
79;18/07/2001;17.79;-2.03;-;929
79;06/11/2001;17.9;-1.92;-;1040
79;29/01/2002;18.29;-1.53;-;1124
79;23/04/2002;18.26;-1.56;-;1208
79;31/07/2002;18.06;-1.76;-;1307
79;05/11/2002;18.17;-1.65;-;1404
79;10/02/2003;18.3;-1.52;-;1501
79;30/04/2003;18.13;-1.69;-;1580
79;23/07/2003;17.05;-2.77;-;1664
79;11/11/2003;18.07;-1.75;-;1775
79;30/01/2004;18.18;-1.64;-;1855
79;10/05/2004;18.43;-1.39;-;1956
79;04/08/2004;17.23;-2.59;-;2042
79;08/11/2004;18.2;-1.62;-;2138
79;31/01/2005;;;N.R.;2222
79;03/05/2005;18.23;-1.59;-;2314
79;01/08/2005;17.52;-2.3;-;2404
79;07/11/2005;18.74;-1.08;-;2502
79;06/02/2006;;;N.R.;2593
79;31/05/2006;18.15;-1.67;-;2707
79;26/07/2006;17.13;-2.69;-;2763
79;14/11/2006;17.57;-2.25;-;2874
79;12/02/2007;18.28;-1.54;-;2964
79;24/04/2007;17.98;-1.84;-;3035
79;24/07/2007;17.3;-2.52;-;3126
79;13/11/2007;17.82;-2;-;3238
79;05/02/2008;18.7;-1.12;-;3322
79;29/04/2008;18.24;-1.58;-;3406
79;22/07/2008;17.82;-2;-;3490
79;06/11/2008;18.47;-1.35;-;3597
79;12/02/2009;18.15;-1.67;-;3695
79;12/05/2009;18.17;-1.65;-;3784
79;23/07/2009;17.89;-1.93;-;3856
79;06/11/2009;18.71;-1.11;-;3962
79;11/02/2010;18.5;-1.32;-;4059
79;19/04/2010;18.14;-1.68;-;4126
79;23/07/2010;17.76;-2.06;-;4221
79;02/11/2010;18.62;-1.2;-;4323
79;01/02/2011;18.17;-1.65;-;4414
79;22/04/2011;18;-1.82;-;4494
79;12/07/2011;18.07;-1.75;-;4575
79;02/11/2011;17.74;-2.08;-;4688
79;24/02/2012;;;N.R.;4802
79;08/05/2012;;;N.R.;4876
79;17/07/2012;;;N.R.;4946
80;10/05/1999;2.59;-3.92;-;129
80;29/07/1999;2.83;-3.68;-;209
80;28/11/1999;2.72;-3.79;-;331
80;25/01/2000;2.81;-3.7;-;389
80;18/04/2000;2.87;-3.64;-;473
80;18/07/2000;2.86;-3.65;-;564
80;09/11/2000;2.85;-3.66;-;678
80;09/02/2001;3.07;-3.44;-;770
80;19/04/2001;3.14;-3.37;-;839
80;27/07/2001;3.1;-3.41;-;938
80;08/11/2001;2.61;-3.9;-;1042
80;31/01/2002;2.81;-3.7;-;1126
80;02/05/2002;2.67;-3.84;-;1217
80;26/07/2002;3;-3.51;-;1302
80;07/11/2002;1.95;-4.56;-;1406
80;11/02/2003;3.26;-3.25;-;1502
80;08/05/2003;3.2;-3.31;-;1588
80;25/07/2003;3.11;-3.4;-;1666
80;06/11/2003;2.86;-3.65;-;1770
80;04/02/2004;2.7;-3.81;-;1860
80;13/05/2004;3.21;-3.3;-;1959
80;05/08/2004;3.23;-3.28;-;2043
80;11/11/2004;2.86;-3.65;-;2141
80;31/01/2005;;;N.R.;2222
80;05/05/2005;2.79;-3.72;-;2316
80;03/08/2005;3;-3.51;-;2406
80;14/11/2005;3.27;-3.24;-;2509
80;06/02/2006;;;N.R.;2593
80;01/06/2006;3.12;-3.39;-;2708
80;01/08/2006;3.09;-3.42;-;2769
80;09/11/2006;2.8;-3.71;-;2869
80;08/02/2007;;;N.R.;2960
80;02/05/2007;3.06;-3.45;-;3043
80;01/08/2007;3.1;-3.41;-;3134
80;27/11/2007;2.75;-3.76;-;3252
80;11/02/2008;2.76;-3.75;-;3328
80;07/05/2008;2.83;-3.68;-;3414
80;24/07/2008;3.06;-3.45;-;3492
80;20/11/2008;;;N.R.;3611
80;12/02/2009;3.21;-3.3;-;3695
80;15/05/2009;3.35;-3.16;-;3787
80;24/07/2009;3.26;-3.25;-;3857
80;05/11/2009;2.09;-4.42;-;3961
80;03/02/2010;3.21;-3.3;-;4051
80;18/05/2010;3.61;-2.9;-;4155
80;22/07/2010;3.4;-3.11;-;4220
80;24/11/2010;3.27;-3.24;-;4345
80;31/01/2011;3.41;-3.1;-;4413
80;27/04/2011;3.35;-3.16;-;4499
80;15/07/2011;3.2;-3.31;-;4578
80;22/11/2011;2.92;-3.59;-;4708
80;27/02/2012;2.89;-3.62;-;4805
80;02/05/2012;3.1;-3.41;-;4870
80;11/07/2012;2.96;-3.55;-;4940
80;19/11/2012;3.12;-3.39;-;5071
80;07/02/2013;3.79;-2.72;-;5151
80;02/05/2013;;;N.R.;5235
80;25/07/2013;3.29;-3.22;-;5319
80;28/10/2013;3.01;-3.5;-;5414
80;30/01/2014;;-3.05;-;5508
80;14/04/2014;;-3;-;5582
80;24/07/2014;3.39;-3.12;-;5683
80;21/10/2014;3.15;-3.36;-;5772
80;02/02/2015;3.23;-3.28;-;5876
80;07/05/2015;3.33;-3.18;-;5970
80;16/07/2015;3.43;-3.08;-;6040
80;19/11/2015;2.82;-3.69;-;6166
80;28/01/2016;2.86;-3.65;-;6236
80;21/04/2016;3.34;-3.17;-;6320
80;07/07/2016;2.76;-3.75;-;6397
80;27/10/2016;3.85;-2.66;-;6509
80;26/01/2017;3.98;-2.53;-;6600
80;13/04/2017;3.24;-3.27;-;6677
80;14/07/2017;4.1;-2.41;-;6769
80;26/10/2017;2.87;-3.64;-;6873
80;25/01/2018;2.86;-3.65;-;6964
80;19/04/2018;3.04;-3.47;-;7048
80;19/07/2018;3.18;-3.33;-;7139
80;08/11/2018;3.09;-3.42;-;7251
80;24/01/2019;3.01;-3.5;-;7328
80;18/04/2019;3.08;-3.43;-;7412
80;18/07/2019;3.29;-3.22;-;7503
80;07/11/2019;3.09;-3.42;-;7615
80;23/01/2020;3.28;-3.23;-;7692
80;16/04/2020;3.27;-3.24;-;7776
80;09/07/2020;3.22;-3.29;-;7860
80;05/11/2020;3.02;-3.49;-;7979
80;28/01/2021;3.19;-3.32;-;8063
80;08/04/2021;3.31;-3.2;-;8133
80;08/07/2021;3.2;-3.31;-;8224
80;21/10/2021;3.05;-3.46;-;8329
82;17/05/1999;4.55;-2.44;-;136
82;29/07/1999;4.08;-2.91;-;209
82;19/11/1999;4.7;-2.29;-;322
82;25/01/2000;4.7;-2.29;-;389
82;18/04/2000;4.83;-2.16;-;473
82;18/07/2000;4.18;-2.81;-;564
82;09/11/2000;4.44;-2.55;-;678
82;09/02/2001;4.47;-2.52;-;770
82;19/04/2001;4.89;-2.1;-;839
82;27/07/2001;4.44;-2.55;-;938
82;08/11/2001;4.08;-2.91;-;1042
82;31/01/2002;4.12;-2.87;-;1126
82;02/05/2002;4.38;-2.61;-;1217
82;26/07/2002;4.54;-2.45;-;1302
82;07/11/2002;4.73;-2.26;-;1406
82;11/02/2003;4.96;-2.03;-;1502
82;08/05/2003;4.84;-2.15;-;1588
82;25/07/2003;4.12;-2.87;-;1666
82;06/11/2003;3.75;-3.24;-;1770
82;04/02/2004;4.27;-2.72;-;1860
82;13/05/2004;4.96;-2.03;-;1959
82;05/08/2004;4.23;-2.76;-;2043
82;11/11/2004;4.02;-2.97;-;2141
82;31/01/2005;;;N.R.;2222
82;05/05/2005;4.59;-2.4;-;2316
82;03/08/2005;4;-2.99;-;2406
82;14/11/2005;4.78;-2.21;-;2509
82;06/02/2006;;;N.R.;2593
82;01/06/2006;4.55;-2.44;-;2708
82;01/08/2006;4.12;-2.87;-;2769
82;09/11/2006;4.09;-2.9;-;2869
82;08/02/2007;4.26;-2.73;-;2960
82;30/04/2007;4.54;-2.45;-;3041
82;30/07/2007;4.09;-2.9;-;3132
82;15/11/2007;3.79;-3.2;-;3240
82;11/02/2008;3.99;-3;-;3328
82;06/05/2008;4.12;-2.87;-;3413
82;23/07/2008;4.24;-2.75;-;3491
82;20/11/2008;;;N.R.;3611
82;12/02/2009;4.94;-2.05;-;3695
82;14/05/2009;4.97;-2.02;-;3786
82;24/07/2009;4.37;-2.62;-;3857
82;04/11/2009;4.02;-2.97;-;3960
83;10/05/1999;2.76;-3.39;-;129
83;29/07/1999;2.45;-3.7;-;209
83;19/11/1999;2.63;-3.52;-;322
83;25/01/2000;2.82;-3.33;-;389
83;18/04/2000;2.96;-2.2;-;473
83;18/07/2000;2.48;-2.68;-;564
83;09/11/2000;2.46;-2.7;-;678
83;09/02/2001;3.18;-1.98;-;770
83;19/04/2001;3.36;-1.8;-;839
83;27/07/2001;2.64;-2.52;-;938
83;08/11/2001;2.26;-2.9;-;1042
83;31/01/2002;2.24;-2.92;-;1126
83;02/05/2002;2.55;-2.61;-;1217
83;26/07/2002;2.71;-2.45;-;1302
83;07/11/2002;2.79;-2.37;-;1406
83;11/02/2003;3.3;-1.86;-;1502
83;08/05/2003;2.95;-2.21;-;1588
83;25/07/2003;2.41;-2.75;-;1666
83;06/11/2003;2.15;-3.01;-;1770
83;04/02/2004;2.71;-2.45;-;1860
83;13/05/2004;3.47;-1.69;-;1959
83;05/08/2004;2.7;-2.46;-;2043
83;11/11/2004;2.44;-2.72;-;2141
83;31/01/2005;;;N.R.;2222
83;05/05/2005;2.77;-2.39;-;2316
83;03/08/2005;2.5;-2.66;-;2406
83;14/11/2005;3.19;-1.97;-;2509
83;06/02/2006;;;N.R.;2593
83;01/06/2006;2.83;-2.33;-;2708
83;01/08/2006;2.6;-2.56;-;2769
83;09/11/2006;2.42;-2.74;-;2869
83;08/02/2007;2.58;-2.58;-;2960
83;30/04/2007;2.85;-2.31;-;3041
83;26/07/2007;2.46;-2.7;-;3128
83;15/11/2007;2.2;-2.96;-;3240
83;11/02/2008;2.39;-2.77;-;3328
83;02/05/2008;2.56;-2.6;-;3409
83;21/07/2008;2.68;-2.48;-;3489
83;20/11/2008;;;N.R.;3611
83;11/02/2009;3.46;-1.7;-;3694
83;12/05/2009;3.49;-1.67;-;3784
83;21/07/2009;2.69;-2.47;-;3854
83;05/11/2009;;;N.R.;3961
84;13/05/1999;-3.32;-2.7;-;132
84;29/07/1999;-3.8;-3.18;-;209
84;23/11/1999;-3.46;-2.84;-;326
84;31/01/2000;-3.17;-2.55;-;395
84;19/04/2000;-2.77;-2.15;-;474
84;19/07/2000;-3.87;-3.25;-;565
84;13/11/2000;-3.58;-2.96;-;682
84;05/02/2001;-2.53;-1.91;-;766
84;18/04/2001;-2.65;-2.03;-;838
84;16/07/2001;-3.64;-3.02;-;927
84;05/11/2001;-4.02;-3.4;-;1039
84;28/01/2002;-3.92;-3.3;-;1123
84;06/05/2002;-3.57;-2.95;-;1221
84;22/07/2002;-3.48;-2.86;-;1298
84;06/11/2002;-3.64;-3.02;-;1405
84;28/01/2003;-2.62;-2;-;1488
84;29/04/2003;-2.84;-2.22;-;1579
84;22/07/2003;-3.87;-3.25;-;1663
84;03/11/2003;-4.33;-3.71;-;1767
84;27/01/2004;-3.9;-3.28;-;1852
84;03/05/2004;-2.86;-2.24;-;1949
84;02/08/2004;-3.71;-3.09;-;2040
84;16/11/2004;-3.87;-3.25;-;2146
84;31/01/2005;;;N.R.;2222
84;29/04/2005;-2.92;-2.3;-;2310
84;28/07/2005;-3.79;-3.17;-;2400
84;08/11/2005;-2.49;-1.87;-;2503
84;06/02/2006;;;N.R.;2593
84;05/06/2006;-3.29;-2.67;-;2712
84;27/07/2006;-3.41;-2.79;-;2764
84;06/11/2006;-3.84;-3.22;-;2866
84;07/02/2007;-3.56;-2.94;-;2959
84;30/04/2007;-3.2;-2.58;-;3041
84;30/07/2007;-3.63;-3.01;-;3132
84;27/11/2007;-3.69;-3.07;-;3252
84;12/02/2008;-2.9;-2.28;-;3329
84;07/05/2008;-2.78;-2.16;-;3414
84;23/07/2008;-3.3;-2.68;-;3491
84;17/11/2008;-3.42;-2.8;-;3608
84;11/04/2009;-2.45;-1.83;-;3753
84;13/05/2009;-2.52;-1.9;-;3785
84;21/07/2009;-3.49;-2.87;-;3854
84;03/11/2009;-3.82;-3.2;-;3959
85;11/05/1999;6.83;-4.4;-;130
85;29/07/1999;6.61;-4.62;-;209
85;24/11/1999;6.92;-4.31;-;327
85;25/01/2000;7.13;-4.1;-;389
85;18/04/2000;7.13;-4.1;-;473
85;18/07/2000;6.82;-4.41;-;564
85;09/11/2000;6.93;-4.3;-;678
85;09/02/2001;7.68;-3.55;-;770
85;19/04/2001;7.89;-3.34;-;839
85;27/07/2001;7.2;-4.03;-;938
85;08/11/2001;6.71;-4.52;-;1042
85;31/01/2002;6.43;-4.8;-;1126
85;02/05/2002;6.7;-4.53;-;1217
85;26/07/2002;7.01;-4.22;-;1302
85;07/11/2002;7.08;-4.15;-;1406
85;11/02/2003;7.64;-3.59;-;1502
85;08/05/2003;7.37;-3.86;-;1588
85;25/07/2003;6.94;-4.29;-;1666
85;06/11/2003;6.46;-4.77;-;1770
85;04/02/2004;6.67;-4.56;-;1860
85;13/05/2004;7.97;-3.26;-;1959
85;05/08/2004;7.18;-4.05;-;2043
85;11/11/2004;6.64;-4.59;-;2141
85;31/01/2005;;;N.R.;2222
85;05/05/2005;7.05;-4.18;-;2316
85;03/08/2005;6.6;-4.63;-;2406
85;14/11/2005;7.07;-4.16;-;2509
85;06/02/2006;;;N.R.;2593
85;01/06/2006;7.1;-4.13;-;2708
85;01/08/2006;6.68;-4.55;-;2769
85;09/11/2006;6.68;-4.55;-;2869
85;08/02/2007;6.71;-4.52;-;2960
85;30/04/2007;7.08;-4.15;-;3041
85;01/08/2007;6.73;-4.5;-;3134
85;27/11/2007;6.15;-5.08;-;3252
85;11/02/2008;6.36;-4.87;-;3328
85;08/05/2008;6.5;-4.73;-;3415
85;24/07/2008;6.46;-4.77;-;3492
85;20/11/2008;;;N.R.;3611
85;12/02/2009;7.48;-3.75;-;3695
85;14/05/2009;7.9;-3.33;-;3786
85;24/07/2009;6.78;-4.45;-;3857
85;04/11/2009;6.66;-4.57;-;3960
86;10/05/1999;3.76;-2.89;-;129
86;29/07/1999;3.2;-3.45;-;209
86;25/11/1999;4.18;-2.47;-;328
86;25/01/2000;3.99;-2.66;-;389
86;18/04/2000;4.45;-2.2;-;473
86;18/07/2000;3.37;-3.28;-;564
86;09/11/2000;3.8;-2.85;-;678
86;09/02/2001;4.25;-2.4;-;770
86;19/04/2001;3.62;-3.03;-;839
86;27/07/2001;3.75;-2.9;-;938
86;08/11/2001;3.55;-3.1;-;1042
86;31/01/2002;3.63;-3.02;-;1126
86;02/05/2002;3.2;-3.45;-;1217
86;26/07/2002;4.44;-2.21;-;1302
86;07/11/2002;4.4;-2.25;-;1406
86;11/02/2003;4.75;-1.9;-;1502
86;08/05/2003;2.11;-4.54;-;1588
86;25/07/2003;1.75;-4.9;-;1666
86;06/11/2003;3.16;-3.49;-;1770
86;04/02/2004;3.84;-2.81;-;1860
86;13/05/2004;4.91;-1.74;-;1959
86;05/08/2004;3.41;-3.24;-;2043
86;11/11/2004;3.48;-3.17;-;2141
86;31/01/2005;;;N.R.;2222
86;05/05/2005;3.87;-2.78;-;2316
86;03/08/2005;;;N.R.;2406
86;14/11/2005;4.28;-2.37;-;2509
86;06/02/2006;;;N.R.;2593
86;01/06/2006;3.77;-2.88;-;2708
86;01/08/2006;2.93;-3.72;-;2769
86;09/11/2006;3.12;-3.53;-;2869
86;08/02/2007;3.49;-3.16;-;2960
86;03/05/2007;3.48;-3.17;-;3044
86;02/07/2007;2.98;-3.67;-;3104
86;23/11/2007;2.83;-3.82;-;3248
86;13/02/2008;3.07;-3.58;-;3330
86;09/05/2008;2.91;-3.74;-;3416
86;24/07/2008;;;N.R.;3492
86;20/11/2008;;;N.R.;3611
86;11/04/2009;4.78;-1.87;-;3753
86;15/05/2009;4.21;-2.44;-;3787
86;27/07/2009;3.44;-3.21;-;3860
86;05/11/2009;3.08;-3.57;-;3961
86;03/02/2010;3.85;-2.8;-;4051
86;18/05/2010;5.03;-1.62;-;4155
86;22/07/2010;2.52;-4.13;-;4220
86;24/11/2010;;;N.R.;4345
86;31/01/2011;4.75;-1.9;-;4413
86;27/04/2011;4.23;-2.42;-;4499
86;14/07/2011;3.05;-3.6;-;4577
86;23/11/2011;3.12;-3.53;-;4709
86;28/02/2012;3.27;-3.38;-;4806
86;03/05/2012;3.17;-3.48;-;4871
86;11/07/2012;2.95;-3.7;-;4940
86;08/11/2012;4.02;-2.63;-;5060
86;06/02/2013;5.14;-1.51;-;5150
86;02/05/2013;5.03;-1.62;-;5235
86;25/07/2013;3.65;-3;-;5319
86;28/10/2013;4;-2.65;-;5414
86;30/01/2014;5.22;-1.43;-;5508
86;14/04/2014;;;N.R.;5582
86;24/07/2014;3.3;-3.35;-;5683
86;21/10/2014;3.8;-2.85;-;5772
86;02/02/2015;4.52;-2.13;-;5876
86;29/04/2015;;;N.R.;5962
86;16/07/2015;3.85;-2.8;-;6040
86;19/11/2015;3.15;-3.5;-;6166
86;28/01/2016;3.53;-3.12;-;6236
86;21/04/2016;3.97;-2.68;-;6320
86;07/07/2016;3.85;-2.8;-;6397
86;27/10/2016;4.46;-2.19;-;6509
86;26/01/2017;4.98;-1.67;-;6600
86;13/04/2017;1.8;-4.85;-;6677
86;14/07/2017;3.88;-2.77;-;6769
86;26/10/2017;3.01;-3.64;-;6873
86;25/01/2018;3.4;-3.25;-;6964
86;19/04/2018;3.8;-2.85;-;7048
86;19/07/2018;3.55;-3.1;-;7139
86;08/11/2018;4.03;-2.62;-;7251
86;24/01/2019;3.94;-2.71;-;7328
86;18/04/2019;3.76;-2.89;-;7412
86;18/07/2019;3.69;-2.96;-;7503
86;13/11/2019;4.5;-2.15;-;7621
86;23/01/2020;4.73;-1.92;-;7692
86;16/04/2020;4.14;-2.51;-;7776
86;09/07/2020;3.78;-2.87;-;7860
86;05/11/2020;3.54;-3.11;-;7979
86;28/01/2021;4.25;-2.4;-;8063
86;08/04/2021;3.9;-2.75;-;8133
86;08/07/2021;3.67;-2.98;-;8224
87;10/05/1999;13.72;-1.34;-;129
87;29/07/1999;12.31;-2.75;-;209
87;25/01/2000;;;N.R.;389
87;18/04/2000;12.61;-2.45;-;473
87;18/07/2000;12.24;-2.82;-;564
87;09/11/2000;12.86;-2.2;-;678
87;09/02/2001;;;N.R.;770
87;19/04/2001;;;N.R.;839
87;27/07/2001;12.3;-2.76;-;938
87;08/11/2001;12.12;-2.94;-;1042
87;31/01/2002;;;N.R.;1126
87;02/05/2002;;;N.R.;1217
87;26/07/2002;12.35;-2.71;-;1302
87;07/11/2002;;;N.R.;1406
87;11/02/2003;;;N.R.;1502
87;08/05/2003;12.34;-2.72;-;1588
87;25/07/2003;;;N.R.;1666
87;06/11/2003;12.04;-3.02;-;1770
87;04/02/2004;12.62;-2.44;-;1860
87;13/05/2004;12.93;-2.13;-;1959
87;05/08/2004;12.16;-2.9;-;2043
87;11/11/2004;;;N.R.;2141
87;31/01/2005;;;N.R.;2222
87;05/05/2005;;;N.R.;2316
87;03/08/2005;11.94;-3.12;-;2406
87;14/11/2005;;;N.R.;2509
87;06/02/2006;;;N.R.;2593
87;01/06/2006;12.39;-2.67;-;2708
87;01/08/2006;12.02;-3.04;-;2769
87;09/11/2006;;;N.R.;2869
87;08/02/2007;;;N.R.;2960
87;24/04/2007;;;N.R.;3035
87;26/07/2007;12.36;-2.7;-;3128
87;15/11/2007;12.14;-2.92;-;3240
87;11/02/2008;;;N.R.;3328
87;02/05/2008;12.63;-2.43;-;3409
87;24/07/2008;;;N.R.;3492
87;20/11/2008;;;N.R.;3611
87;11/02/2009;;;N.R.;3694
87;19/05/2009;;;N.R.;3791
87;27/07/2009;;;N.R.;3860
87;05/11/2009;;;N.R.;3961
239;03/05/1999;36.31;-3.45;-;122
239;20/07/1999;36.18;-3.58;-;200
239;09/11/1999;37.94;-1.82;-;312
239;01/02/2000;37.47;-2.29;-;396
239;20/04/2000;36.5;-3.26;-;475
239;17/07/2000;35.99;-3.77;-;563
239;24/11/2000;38.58;-1.18;-;693
239;06/02/2001;38.83;-0.93;-;767
239;20/04/2001;38.06;-1.7;-;840
239;07/08/2001;36.95;-2.81;-;949
239;20/11/2001;37.64;-2.12;-;1054
239;15/02/2002;36.39;-3.37;-;1141
239;10/05/2002;35.96;-3.8;-;1225
239;09/08/2002;37.36;-2.4;-;1316
239;22/11/2002;37.91;-1.85;-;1421
239;13/02/2003;37.84;-1.92;-;1504
239;09/05/2003;36.73;-3.03;-;1589
239;20/08/2003;35.25;-4.51;-;1692
239;17/11/2003;36.36;-3.4;-;1781
239;06/02/2004;36.57;-3.19;-;1862
239;07/05/2004;37.3;-2.46;-;1953
239;13/08/2004;37.53;-2.23;-;2051
239;19/11/2004;38.01;-1.75;-;2149
239;31/01/2005;;;N.R.;2222
239;04/05/2005;36.51;-3.25;-;2315
239;28/07/2005;36.46;-3.3;-;2400
239;16/11/2005;38.29;-1.47;-;2511
239;06/02/2006;;;N.R.;2593
239;31/05/2006;36.54;-3.22;-;2707
239;28/07/2006;35.91;-3.85;-;2765
239;10/11/2006;37.28;-2.48;-;2870
239;09/02/2007;36.33;-3.43;-;2961
239;26/04/2007;35.74;-4.02;-;3037
239;24/07/2007;35.34;-4.42;-;3126
239;14/11/2007;37;-2.76;-;3239
239;06/02/2008;36.35;-3.41;-;3323
239;28/04/2008;36.02;-3.74;-;3405
239;18/07/2008;36.4;-3.36;-;3486
239;07/11/2008;37.59;-2.17;-;3598
239;27/02/2009;38.64;-1.12;-;3710
239;21/05/2009;38.31;-1.45;-;3793
239;21/07/2009;37.85;-1.91;-;3854
239;11/11/2009;38.37;-1.39;-;3967
239;10/02/2010;38.26;-1.5;-;4058
239;14/05/2010;38;-1.76;-;4151
239;30/07/2010;38.1;-1.66;-;4228
239;30/11/2010;39.42;-0.34;-;4351
239;02/02/2011;39.48;-0.28;-;4415
239;03/05/2011;38.26;-1.5;-;4505
239;13/07/2011;37.92;-1.84;-;4576
239;03/11/2011;37.87;-1.89;-;4689
239;29/02/2012;36.8;-2.96;-;4807
239;24/04/2012;36.14;-3.62;-;4862
239;19/07/2012;35.81;-3.95;-;4948
239;02/11/2012;37.08;-2.68;-;5054
239;01/02/2013;38.18;-1.58;-;5145
239;03/05/2013;38.34;-1.42;-;5236
239;31/07/2013;38.29;-1.47;-;5325
239;04/11/2013;38.11;-1.65;-;5421
239;05/02/2014;39.28;-0.48;-;5514
239;06/05/2014;39.12;-0.64;-;5604
239;14/07/2014;38.35;-1.41;-;5673
239;03/11/2014;38.05;-1.71;-;5785
239;02/02/2015;38;-1.76;-;5876
239;04/05/2015;37.03;-2.73;-;5967
239;22/07/2015;36.51;-3.25;-;6046
239;05/11/2015;37.08;-2.68;-;6152
239;03/02/2016;36.24;-3.52;-;6242
239;14/04/2016;36.47;-3.29;-;6313
239;22/07/2016;36.67;-3.09;-;6412
239;08/11/2016;37.28;-2.48;-;6521
239;30/01/2017;36.7;-3.06;-;6604
239;10/05/2017;35.61;-4.15;-;6704
239;11/07/2017;35.44;-4.32;-;6766
239;23/10/2017;36.42;-3.34;-;6870
239;25/01/2018;35.89;-3.87;-;6964
239;10/04/2018;35.82;-3.94;-;7039
239;12/07/2018;35.86;-3.9;-;7132
239;08/11/2018;37.13;-2.63;-;7251
239;24/01/2019;36.8;-2.96;-;7328
239;23/04/2019;35.91;-3.85;-;7417
239;16/07/2019;36.8;-2.96;-;7501
239;25/10/2019;37.72;-2.04;-;7602
239;30/01/2020;37.46;-2.3;-;7699
239;08/04/2020;36.84;-2.92;-;7768
239;08/07/2020;36.38;-3.38;-;7859
239;29/10/2020;37.28;-2.48;-;7972
239;20/01/2021;37.36;-2.4;-;8055
239;09/04/2021;37.16;-2.6;-;8134
239;12/07/2021;37.14;-2.62;-;8228
239;19/10/2021;37.4;-2.36;-;8327
241;17/03/1999;45.76;-2.24;-;75
241;10/05/1999;45.97;-2.03;-;129
241;20/07/1999;45.3;-2.7;-;200
241;11/11/1999;46.36;-1.64;-;314
241;01/02/2000;45.72;-2.28;-;396
241;20/04/2000;45.81;-2.19;-;475
241;17/07/2000;46;-2;-;563
241;08/11/2000;47.08;-0.92;-;677
241;06/02/2001;46.11;-1.89;-;767
241;20/04/2001;46.05;-1.95;-;840
241;19/07/2001;41.95;-6.05;probabilmente pompe irrigazione in funzione;930
241;20/11/2001;45.75;-2.25;-;1054
241;04/02/2002;45.29;-2.71;-;1130
241;10/05/2002;46.37;-1.63;-;1225
241;29/07/2002;41.96;-6.04;probabilmente pompe irrigazione in funzione;1305
241;12/11/2002;45.98;-2.02;-;1411
241;10/02/2003;45.96;-2.04;-;1501
241;05/05/2003;45.6;-2.4;-;1585
241;24/07/2003;44.88;-3.12;-;1665
241;10/11/2003;45.75;-2.25;-;1774
241;26/01/2004;45.6;-2.4;-;1851
241;04/05/2004;46.08;-1.92;-;1950
241;03/08/2004;41.18;-6.82;probabilmente pompe irrigazione in funzione;2041
241;18/11/2004;46.1;-1.9;-;2148
241;31/01/2005;;;N.R.;2222
241;28/04/2005;45.73;-2.27;-;2309
241;26/07/2005;44.73;-3.27;-;2398
241;10/11/2005;46.05;-1.95;-;2505
241;06/02/2006;;;N.R.;2593
241;30/05/2006;44.87;-3.13;-;2706
241;25/07/2006;43.62;-4.38;-;2762
241;07/11/2006;44.51;-3.49;-;2867
241;05/02/2007;44.3;-3.7;-;2957
241;27/04/2007;45.45;-2.55;-;3038
241;25/07/2007;44.79;-3.21;-;3127
241;14/11/2007;45.37;-2.63;-;3239
241;06/02/2008;45.57;-2.43;-;3323
241;24/04/2008;45.8;-2.2;-;3401
241;18/07/2008;42.52;-5.48;probabilmente pompe irrigazione in funzione;3486
241;05/11/2008;43.69;-4.31;-;3596
241;09/02/2009;46.36;-1.64;-;3692
241;21/05/2009;46.34;-1.66;-;3793
241;21/07/2009;43.68;-4.32;pompe per irrigazione in funzione;3854
241;12/11/2009;45.91;-2.09;-;3968
241;08/02/2010;45.77;-2.23;-;4056
241;14/05/2010;46.39;-1.61;-;4151
241;21/07/2010;42.07;-5.93;pompe per irrigazione in funzione;4219
241;30/11/2010;46.5;-1.5;-;4351
241;03/02/2011;46.12;-1.88;-;4416
241;03/05/2011;45.85;-2.15;-;4505
241;13/07/2011;44.94;-3.06;-;4576
241;11/11/2011;46.25;-1.75;-;4697
241;23/02/2012;45.12;-2.88;-;4801
241;20/04/2012;45.15;-2.85;-;4858
241;18/07/2012;44.65;-3.35;-;4947
241;15/11/2012;46.92;-1.08;-;5067
241;31/01/2013;45.83;-2.17;-;5144
241;15/04/2013;46.27;-1.73;-;5218
241;30/07/2013;45.7;-2.3;-;5324
241;07/11/2013;45.81;-2.19;-;5424
241;05/02/2014;47.08;-0.92;-;5514
241;28/04/2014;46.47;-1.53;-;5596
241;15/07/2014;46.26;-1.74;-;5674
241;18/11/2014;46.9;-1.1;-;5800
241;12/02/2015;45.75;-2.25;-;5886
241;28/04/2015;45.64;-2.36;-;5961
241;23/07/2015;44.29;-3.71;-;6047
241;11/11/2015;44.65;-3.35;-;6158
241;02/02/2016;44.04;-3.96;-;6241
241;04/05/2016;44.54;-3.46;-;6333
241;08/07/2016;;;mancanza d'acqua;6398
241;26/10/2016;44.57;-3.43;-;6508
241;30/01/2017;41.2;-6.8;anomalo;6604
241;04/05/2017;45.24;-2.76;-;6698
241;07/07/2017;48.06;0.06;-;6762
241;25/10/2017;45.18;-2.82;-;6872
241;22/01/2018;45.39;-2.61;-;6961
241;18/04/2018;45.92;-2.08;-;7047
241;12/07/2018;45.69;-2.31;-;7132
241;30/10/2018;47.23;-0.77;-;7242
241;30/01/2019;44.33;-3.67;-;7334
241;17/04/2019;45.74;-2.26;-;7411
241;15/07/2019;42.48;-5.52;-;7500
241;30/10/2019;45.52;-2.48;-;7607
241;29/01/2020;45.8;-2.2;-;7698
241;21/04/2020;45.54;-2.46;-;7781
241;08/07/2020;43.43;-4.57;-;7859
241;28/10/2020;46.39;-1.61;-;7971
241;27/01/2021;46.09;-1.91;-;8062
241;06/04/2021;45.94;-2.06;-;8131
241;07/07/2021;42.07;-5.93;-;8223
241;20/10/2021;42.73;-5.27;-;8328
513;20/11/2001;40.01;-7.1;-;1054
513;15/02/2002;38.74;-8.37;-;1141
513;10/05/2002;38.48;-8.63;-;1225
513;09/08/2002;40.15;-6.96;-;1316
513;22/11/2002;40.4;-6.71;-;1421
513;13/02/2003;40.26;-6.85;-;1504
513;09/05/2003;39.24;-7.87;-;1589
513;20/08/2003;38.94;-8.17;-;1692
513;17/11/2003;38.81;-8.3;-;1781
513;06/02/2004;39.07;-8.04;-;1862
513;07/05/2004;39.83;-7.28;-;1953
513;13/08/2004;40.56;-6.55;-;2051
513;19/11/2004;40.41;-6.7;-;2149
513;31/01/2005;;;N.R.;2222
513;04/05/2005;38.95;-8.16;-;2315
513;02/08/2005;37.19;-9.92;-;2405
513;16/11/2005;40.73;-6.38;-;2511
513;06/02/2006;;;N.R.;2593
513;31/05/2006;39.06;-8.05;-;2707
513;28/07/2006;36.51;-10.6;-;2765
513;10/11/2006;39.61;-7.5;-;2870
513;09/02/2007;38.69;-8.42;-;2961
513;26/04/2007;38.11;-9;-;3037
513;24/07/2007;36.55;-10.56;-;3126
513;14/11/2007;39.4;-7.71;-;3239
513;06/02/2008;38.79;-8.32;-;3323
513;28/04/2008;38.47;-8.64;-;3405
513;18/07/2008;39.61;-7.5;-;3486
513;07/11/2008;40.01;-7.1;-;3598
513;27/02/2009;41.04;-6.07;-;3710
513;21/05/2009;40.81;-6.3;-;3793
513;21/07/2009;39.68;-7.43;-;3854
513;11/11/2009;40.76;-6.35;-;3967
513;11/02/2010;40.62;-6.49;-;4059
513;14/05/2010;40.61;-6.5;-;4151
513;30/07/2010;40.93;-6.18;-;4228
513;30/11/2010;41.82;-5.29;-;4351
513;02/02/2011;41.75;-5.36;-;4415
513;03/05/2011;40.73;-6.38;-;4505
513;13/07/2011;40.62;-6.49;-;4576
513;03/11/2011;40.37;-6.74;-;4689
513;29/02/2012;39.27;-7.84;-;4807
513;24/04/2012;38.56;-8.55;-;4862
513;19/07/2012;38.55;-8.56;-;4948
513;02/11/2012;39.66;-7.45;-;5054
513;01/02/2013;40.64;-6.47;-;5145
513;03/05/2013;40.76;-6.35;-;5236
513;31/07/2013;41.18;-5.93;-;5325
513;04/11/2013;40.52;-6.59;-;5421
513;05/02/2014;41.78;-5.33;-;5514
513;06/05/2014;41.41;-5.7;-;5604
513;14/07/2014;40.98;-6.13;-;5673
513;03/11/2014;40.5;-6.61;-;5785
513;02/02/2015;40.36;-6.75;-;5876
513;04/05/2015;39.55;-7.56;-;5967
513;22/07/2015;39.39;-7.72;-;6046
513;05/11/2015;39.65;-7.46;-;6152
513;03/02/2016;38.72;-8.39;-;6242
513;14/04/2016;39;-8.11;-;6313
513;22/07/2016;39.51;-7.6;-;6412
513;08/11/2016;39.83;-7.28;-;6521
513;30/01/2017;39.19;-7.92;-;6604
513;10/05/2017;38.01;-9.1;-;6704
513;11/07/2017;38.32;-8.79;-;6766
513;23/10/2017;39.02;-8.09;-;6870
513;25/01/2018;38.34;-8.77;-;6964
513;10/04/2018;38.34;-8.77;-;7039
513;12/07/2018;38.98;-8.13;-;7132
513;08/11/2018;39.62;-7.49;-;7251
513;24/01/2019;39.3;-7.81;-;7328
513;23/04/2019;38.45;-8.66;-;7417
513;16/07/2019;40.09;-7.02;-;7501
513;25/10/2019;40.32;-6.79;-;7602
513;30/01/2020;40.07;-7.04;-;7699
513;08/04/2020;39.4;-7.71;-;7768
513;08/07/2020;39.49;-7.62;-;7859
513;29/10/2020;39.97;-7.14;-;7972
513;20/01/2021;39.95;-7.16;-;8055
513;09/04/2021;39.75;-7.36;-;8134
513;12/07/2021;40.03;-7.08;-;8228
513;19/10/2021;40.03;-7.08;-;8327
514;20/11/2001;38.82;-2.51;-;1054
514;15/02/2002;37.57;-3.76;-;1141
514;10/05/2002;37.22;-4.11;-;1225
514;09/08/2002;38.75;-2.58;-;1316
514;22/11/2002;39.17;-2.16;-;1421
514;13/02/2003;39.03;-2.3;-;1504
514;09/05/2003;38.02;-3.31;-;1589
514;20/08/2003;37.33;-4;-;1692
514;17/11/2003;37.67;-3.66;-;1781
514;06/02/2004;37.83;-3.5;-;1862
514;07/05/2004;38.55;-2.78;-;1953
514;13/08/2004;38.51;-2.82;-;2051
514;19/11/2004;39.19;-2.14;-;2149
514;31/01/2005;;;N.R.;2222
514;04/05/2005;37.73;-3.6;-;2315
514;28/07/2005;37.15;-4.18;-;2400
514;16/11/2005;39.49;-1.84;-;2511
514;06/02/2006;;;N.R.;2593
514;31/05/2006;37.74;-3.59;-;2707
514;28/08/2006;36.77;-4.56;-;2796
514;10/11/2006;38.41;-2.92;-;2870
514;09/02/2007;37.5;-3.83;-;2961
514;20/04/2007;36.95;-4.38;-;3031
514;24/07/2007;36.65;-4.68;-;3126
514;14/11/2007;38.18;-3.15;-;3239
514;06/02/2008;37.56;-3.77;-;3323
514;28/04/2008;37.23;-4.1;-;3405
514;18/07/2008;38.11;-3.22;-;3486
514;07/11/2008;38.78;-2.55;-;3598
514;27/02/2009;39.87;-1.46;-;3710
514;21/05/2009;39.61;-1.72;-;3793
514;21/07/2009;38.73;-2.6;-;3854
514;11/11/2009;39.58;-1.75;-;3967
514;11/02/2010;39.46;-1.87;-;4059
514;14/05/2010;39.27;-2.06;-;4151
514;30/07/2010;39.52;-1.81;-;4228
514;30/11/2010;40.69;-0.64;-;4351
514;02/02/2011;40.69;-0.64;-;4415
514;03/05/2011;39.49;-1.84;-;4505
514;13/07/2011;39.3;-2.03;-;4576
514;03/11/2011;39.13;-2.2;-;4689
514;29/02/2012;38.03;-3.3;-;4807
514;24/04/2012;37.32;-4.01;-;4862
514;19/07/2012;37.43;-3.9;-;4948
514;02/11/2012;38.34;-2.99;-;5054
514;01/02/2013;39.41;-1.92;-;5145
514;03/05/2013;39.54;-1.79;-;5236
514;31/07/2013;39.89;-1.44;-;5325
514;04/11/2013;39.33;-2;-;5421
514;05/02/2014;40.63;-0.7;-;5514
514;06/05/2014;40.31;-1.02;-;5604
514;14/07/2014;39.68;-1.65;-;5673
514;03/11/2014;39.28;-2.05;-;5785
514;02/02/2015;39.17;-2.16;-;5876
514;04/05/2015;38.28;-3.05;-;5967
514;22/07/2015;38.02;-3.31;-;6046
514;05/11/2015;38.35;-2.98;-;6152
514;03/02/2016;37.48;-3.85;-;6242
514;14/04/2016;37.73;-3.6;-;6313
514;22/07/2016;38.23;-3.1;-;6412
514;08/11/2016;38.54;-2.79;-;6521
514;30/01/2017;37.95;-3.38;-;6604
514;10/05/2017;36.82;-4.51;-;6704
514;11/07/2017;36.93;-4.4;-;6766
514;23/10/2017;37.69;-3.64;-;6870
514;25/01/2018;37.1;-4.23;-;6964
514;10/04/2018;37.08;-4.25;-;7039
514;12/07/2018;37.59;-3.74;-;7132
514;08/11/2018;38.36;-2.97;-;7251
514;24/01/2019;38.04;-3.29;-;7328
514;23/04/2019;37.18;-4.15;-;7417
514;16/07/2019;38.69;-2.64;-;7501
514;25/10/2019;39;-2.33;-;7602
514;30/01/2020;38.76;-2.57;-;7699
514;08/04/2020;38.12;-3.21;-;7768
514;08/07/2020;38.13;-3.2;-;7859
514;29/10/2020;38.61;-2.72;-;7972
514;20/01/2021;38.64;-2.69;-;8055
514;09/04/2021;38.46;-2.87;-;8134
514;12/07/2021;38.63;-2.7;-;8228
514;19/10/2021;38.69;-2.64;-;8327
515;17/07/2001;37.53;-8.42;-;928
515;14/11/2001;37.54;-8.41;-;1048
515;05/02/2002;;;N.R.;1131
515;24/04/2002;;;mancanza d'acqua;1209
515;21/08/2002;;;mancanza d'acqua;1328
515;22/11/2002;;;N.R.;1421
515;04/02/2003;37.77;-8.18;-;1495
515;09/05/2003;;;mancanza d'acqua;1589
515;08/08/2003;;;mancanza d'acqua;1680
515;04/11/2003;;;mancanza d'acqua;1768
515;03/02/2004;;;mancanza d'acqua;1859
515;06/05/2004;;;mancanza d'acqua;1952
515;03/08/2004;37.38;-8.57;-;2041
515;10/11/2004;38.1;-7.85;-;2140
515;31/01/2005;;;N.R.;2222
515;28/04/2005;;;mancanza d'acqua;2309
515;26/07/2005;;;mancanza d'acqua;2398
515;11/11/2005;38.33;-7.62;-;2506
515;06/02/2006;;;N.R.;2593
515;31/05/2006;;;mancanza d'acqua;2707
515;25/07/2006;;;mancanza d'acqua;2762
515;07/11/2006;;;mancanza d'acqua;2867
515;09/02/2007;;;mancanza d'acqua;2961
515;24/04/2007;;;mancanza d'acqua;3035
515;02/08/2007;;;mancanza d'acqua;3135
515;12/11/2007;;;mancanza d'acqua;3237
515;06/02/2008;;;mancanza d'acqua;3323
515;28/04/2008;;;mancanza d'acqua;3405
515;18/07/2008;;;mancanza d'acqua;3486
515;05/11/2008;37.45;-8.5;-;3596
515;09/02/2009;38.93;-7.02;-;3692
515;21/05/2009;38.45;-7.5;-;3793
515;21/07/2009;37.95;-8;-;3854
515;09/11/2009;38.45;-7.5;-;3965
515;05/02/2010;38.29;-7.66;-;4053
515;21/04/2010;37.94;-8.01;-;4128
515;27/07/2010;38.08;-7.87;-;4225
515;08/11/2010;39.3;-6.65;-;4329
515;01/02/2011;39.63;-6.32;-;4414
515;21/04/2011;38.41;-7.54;-;4493
515;11/07/2011;38.01;-7.94;-;4574
515;31/10/2011;37.95;-8;-;4686
515;24/02/2012;;;mancanza d'acqua;4802
515;16/04/2012;;;mancanza d'acqua;4854
515;09/07/2012;;;mancanza d'acqua;4938
515;02/11/2012;;;mancanza d'acqua;5054
515;31/01/2013;38.23;-7.72;-;5144
515;15/04/2013;38.42;-7.53;-;5218
515;30/07/2013;38.5;-7.45;-;5324
515;24/10/2013;38.25;-7.7;-;5410
515;05/02/2014;39.16;-6.79;-;5514
515;29/04/2014;39.35;-6.6;-;5597
515;15/07/2014;38.35;-7.6;-;5674
515;28/10/2014;38.07;-7.88;-;5779
515;12/02/2015;37.95;-8;-;5886
515;27/04/2015;;;mancanza d'acqua;5960
515;02/02/2016;;;mancanza d'acqua;6241
515;03/05/2016;;;mancanza d'acqua;6332
515;08/07/2016;;;mancanza d'acqua;6398
515;14/11/2016;;;mancanza d'acqua;6527
515;30/01/2017;;;mancanza d'acqua;6604
515;19/04/2017;;;mancanza d'acqua;6683
515;07/07/2017;;;mancanza d'acqua;6762
515;09/11/2017;;;mancanza d'acqua;6887
515;30/01/2019;;;mancanza d'acqua;7334
515;23/04/2019;;;mancanza d'acqua;7417
515;15/07/2019;37.42;-8.53;-;7500
515;29/10/2019;37.34;-8.61;-;7606
515;29/01/2020;37.26;-8.69;-;7698
515;22/04/2020;;;mancanza d'acqua;7782
515;08/07/2020;;;mancanza d'acqua;7859
515;03/11/2020;37.19;-8.76;-;7977
515;27/01/2021;37.39;-8.56;-;8062
515;06/04/2021;;;mancanza d'acqua;8131
515;07/07/2021;;;mancanza d'acqua;8223
515;26/10/2021;;;mancanza d'acqua;8334
518;20/11/2001;37.72;-2.82;-;1054
518;15/02/2002;36.31;-4.23;-;1141
518;10/05/2002;35.82;-4.72;-;1225
518;09/08/2002;37.54;-3;-;1316
518;22/11/2002;38.02;-2.52;-;1421
518;13/02/2003;37.89;-2.65;-;1504
518;09/05/2003;36.73;-3.81;-;1589
518;20/08/2003;35.78;-4.76;-;1692
518;17/11/2003;36.3;-4.24;-;1781
518;06/02/2004;36.44;-4.1;-;1862
518;07/05/2004;37.35;-3.19;-;1953
518;13/08/2004;37.53;-3.01;-;2051
518;19/11/2004;38.13;-2.41;-;2149
518;31/01/2005;;;N.R.;2222
518;04/05/2005;36.29;-4.25;-;2315
518;02/08/2005;35.58;-4.96;-;2405
518;16/11/2005;38.4;-2.14;-;2511
518;06/02/2006;;;N.R.;2593
518;31/05/2006;36.44;-4.1;-;2707
518;28/07/2006;35.62;-4.92;-;2765
518;10/11/2006;37.24;-3.3;-;2870
518;09/02/2007;36.18;-4.36;-;2961
518;26/04/2007;35.54;-5;-;3037
518;24/07/2007;35.06;-5.48;-;3126
518;14/11/2007;37.05;-3.49;-;3239
518;06/02/2008;36.26;-4.28;-;3323
518;28/04/2008;35.88;-4.66;-;3405
518;18/07/2008;36.07;-4.47;-;3486
518;07/11/2008;37.64;-2.9;-;3598
518;17/02/2009;38.92;-1.62;-;3700
518;21/05/2009;38.49;-2.05;-;3793
518;21/07/2009;37.5;-3.04;-;3854
518;11/11/2009;38.48;-2.06;-;3967
518;10/02/2010;38.41;-2.13;-;4058
518;14/05/2010;38.06;-2.48;-;4151
518;30/07/2010;38.26;-2.28;-;4228
518;30/11/2010;39.81;-0.73;-;4351
518;02/02/2011;39.96;-0.58;-;4415
518;03/05/2011;38.45;-2.09;-;4505
518;13/07/2011;37.84;-2.7;-;4576
518;03/11/2011;37.98;-2.56;-;4689
518;29/02/2012;36.77;-3.77;-;4807
518;24/04/2012;36;-4.54;-;4862
518;19/07/2012;35.47;-5.07;-;4948
518;02/11/2012;37.09;-3.45;-;5054
518;01/02/2013;38.34;-2.2;-;5145
518;03/05/2013;38.54;-2;-;5236
518;31/07/2013;38.34;-2.2;-;5325
518;04/11/2013;38.26;-2.28;-;5421
518;05/02/2014;39.49;-1.05;-;5514
518;06/05/2014;39.45;-1.09;-;5604
518;14/07/2014;38.45;-2.09;-;5673
518;03/11/2014;38.2;-2.34;-;5785
518;02/02/2015;38.08;-2.46;-;5876
518;04/05/2015;37;-3.54;-;5967
518;22/07/2015;35.92;-4.62;-;6046
518;05/11/2015;37.09;-3.45;-;6152
518;03/02/2016;36.15;-4.39;-;6242
518;14/04/2016;36.44;-4.1;-;6313
518;22/07/2016;36.51;-4.03;-;6412
518;08/11/2016;37.32;-3.22;-;6521
518;30/01/2017;36.68;-3.86;-;6604
518;10/05/2017;35.46;-5.08;-;6704
518;11/07/2017;35.24;-5.3;-;6766
518;23/10/2017;36.39;-4.15;-;6870
518;25/01/2018;35.75;-4.79;-;6964
518;10/04/2018;35.7;-4.84;-;7039
518;12/07/2018;35.74;-4.8;-;7132
518;08/11/2018;37.14;-3.4;-;7251
518;24/01/2019;36.81;-3.73;-;7328
518;23/04/2019;35.8;-4.74;-;7417
518;16/07/2019;36.62;-3.92;-;7501
518;25/10/2019;37.87;-2.67;-;7602
518;30/01/2020;37.5;-3.04;-;7699
518;08/04/2020;36.82;-3.72;-;7768
518;08/07/2020;36.34;-4.2;-;7859
518;29/10/2020;37.38;-3.16;-;7972
518;20/01/2021;37.37;-3.17;-;8055
518;09/04/2021;37.23;-3.31;-;8134
518;12/07/2021;37.03;-3.51;-;8228
518;19/10/2021;37.49;-3.05;-;8327
975;04/02/2010;;-1.5;-;4052
975;20/04/2010;;-1.39;-;4127
975;19/07/2010;;-1.75;-;4217
975;25/01/2011;;-1.19;-;4407
975;18/04/2011;;-1.39;-;4490
975;12/07/2011;;-1.96;-;4575
975;15/11/2011;;-2.2;-;4701
975;21/02/2012;;-2.31;-;4799
975;02/05/2012;;-2.26;-;4870
975;19/06/2012;;-2.2;-;4918
975;13/07/2012;;-2.58;-;4942
975;27/08/2012;;-3.06;-;4987
975;15/10/2012;;-2.7;-;5036
975;31/10/2012;;-2.18;-;5052
975;10/12/2012;;-1.3;-;5092
975;29/01/2013;;-0.98;-;5142
975;18/02/2013;;-0.92;-;5162
975;15/04/2013;;-0.99;-;5218
975;19/06/2013;;-1.81;-;5283
975;23/07/2013;;-1.69;-;5317
975;26/08/2013;;-1.2;-;5351
975;22/10/2013;;-1.5;-;5408
975;05/02/2014;;-0.47;-;5514
975;22/04/2014;;-1.53;-;5590
975;22/07/2014;;-1.5;-;5681
975;21/10/2014;;;N.R.;5772
975;12/02/2015;;-1.07;-;5886
975;20/04/2015;;-1.37;-;5953
975;24/07/2015;;-2.08;-;6048
975;05/11/2015;;-2.38;-;6152
975;01/02/2016;;-2.47;-;6240
975;18/04/2016;;-1.6;-;6317
975;15/07/2016;;-1.65;-;6405
975;08/11/2016;;-1.79;-;6521
975;31/01/2017;;-2.01;-;6605
975;02/05/2017;;-1.78;-;6696
975;21/07/2017;;-2.54;-;6776
975;31/10/2017;;-2.71;-;6878
975;26/01/2018;;-1.8;-;6965
975;09/04/2018;;-1.31;-;7038
975;16/07/2018;;-1.98;-;7136
975;05/11/2018;;-1.3;-;7248
975;23/01/2019;;-1.74;-;7327
975;09/04/2019;;-1.68;-;7403
975;16/07/2019;;-1.59;-;7501
975;28/10/2019;;-2.35;-;7605
975;30/01/2020;;-1.4;-;7699
975;09/04/2020;;-1.64;-;7769
975;16/07/2020;;-2.14;-;7867
975;02/11/2020;;-2.22;-;7976
975;22/01/2021;;-1.37;-;8057
975;12/04/2021;;-1.51;-;8137
975;12/07/2021;;-1.81;-;8228
975;25/10/2021;;-2.66;-;8333
976;01/02/2010;;-1.7;-;4049
976;20/04/2010;;-1.69;-;4127
976;20/07/2010;;-1.87;-;4218
976;25/01/2011;;-1.73;-;4407
976;19/04/2011;;-1.84;-;4491
976;12/07/2011;;-1.93;-;4575
976;13/11/2011;;-1.85;-;4699
976;21/02/2012;;-1.85;-;4799
976;30/04/2012;;-1.8;-;4868
976;19/06/2012;;-1.91;-;4918
976;16/07/2012;;-2.03;-;4945
976;27/08/2012;;-2.22;-;4987
976;15/10/2012;;-1.93;-;5036
976;02/11/2012;;-1.49;-;5054
976;10/12/2012;;-1.7;-;5092
976;29/01/2013;;-1.63;-;5142
976;18/02/2013;;-1.58;-;5162
976;15/04/2013;;-1.61;-;5218
976;19/06/2013;;-1.81;-;5283
976;23/07/2013;;-1.87;-;5317
976;26/08/2013;;-1.85;-;5351
976;22/10/2013;;-1.81;-;5408
976;31/01/2014;;-1.02;-;5509
976;17/04/2014;;-1.84;-;5585
976;23/07/2014;;-1.85;-;5682
976;11/11/2014;;-1.7;-;5793
976;02/02/2015;;-1.8;-;5876
976;09/03/2015;;-1.78;-;5911
976;14/04/2015;;-1.78;-;5947
976;24/07/2015;;-1.93;-;6048
976;09/09/2015;;-1.92;-;6095
976;28/10/2015;;-1.79;-;6144
976;10/12/2015;;-2.1;-;6187
976;01/02/2016;;-1.9;-;6240
976;08/03/2016;;-1.5;-;6276
976;05/05/2016;;-1.71;-;6334
976;07/06/2016;;-1.8;-;6367
976;15/07/2016;;-1.86;-;6405
976;16/11/2016;;-1.74;-;6529
976;27/01/2017;;-1.83;-;6601
976;12/04/2017;;-1.79;-;6676
976;21/07/2017;;-2.03;-;6776
976;08/11/2017;;-1.81;-;6886
976;26/01/2018;;-1.78;-;6965
976;09/04/2018;;-1.63;-;7038
976;16/07/2018;;-1.77;-;7136
976;24/10/2018;;-1.83;-;7236
976;23/01/2019;;-1.78;-;7327
976;08/04/2019;;-1.7;-;7402
976;16/07/2019;;-1.86;-;7501
976;22/10/2019;;-1.87;-;7599
976;30/01/2020;;-1.79;-;7699
976;08/04/2020;;-1.79;-;7768
976;16/07/2020;;-1.93;-;7867
976;29/10/2020;;-1.83;-;7972
976;22/01/2021;;-1.81;-;8057
976;15/04/2021;;-1.6;-;8140
976;12/07/2021;;-1.78;-;8228
976;28/10/2021;;-1.93;-;8336
977;01/02/2010;;-2.13;-;4049
977;13/05/2010;;-1.8;-;4150
977;20/07/2010;;-2.17;-;4218
977;27/01/2011;;-2.11;-;4409
977;19/04/2011;;-2.07;-;4491
977;14/07/2011;;-2.45;-;4577
977;21/11/2011;;-2.54;-;4707
977;28/02/2012;;-2.6;-;4806
977;04/05/2012;;-2.56;-;4872
977;27/06/2012;;-2.77;-;4926
977;10/07/2012;;-2.85;-;4939
977;04/09/2012;;-2.97;-;4995
977;23/10/2012;;-2.95;-;5044
977;07/11/2012;;-2.65;-;5059
977;17/12/2012;;-2.42;-;5099
977;05/02/2013;;-1.92;-;5149
977;25/02/2013;;-2;-;5169
977;22/04/2013;;-1.75;-;5225
977;24/06/2013;;-2.14;-;5288
977;20/07/2013;;-2.26;-;5314
977;03/09/2013;;-2.4;-;5359
977;30/10/2013;;-2.27;-;5416
977;31/01/2014;;-1.61;-;5509
977;17/04/2014;;-2.02;-;5585
977;24/07/2014;;-2.16;-;5683
977;21/10/2014;;-2.16;-;5772
977;02/02/2015;;-2.05;-;5876
977;25/03/2015;;-2;-;5927
977;14/04/2015;;-2;-;5947
977;16/07/2015;;-2.26;-;6040
977;14/09/2015;;-2.47;-;6100
977;28/10/2015;;-2.45;-;6144
977;14/12/2015;;-2.44;-;6191
977;28/01/2016;;-2.48;-;6236
977;22/03/2016;;-2;-;6290
977;05/05/2016;;-2.1;-;6334
977;23/06/2016;;-1.9;-;6383
977;07/07/2016;;-2.1;-;6397
977;16/11/2016;;-2.23;-;6529
977;26/01/2017;;-2.19;-;6600
977;12/04/2017;;-2.16;-;6676
977;14/07/2017;;-2.6;-;6769
977;08/11/2017;;-2.74;-;6886
977;25/01/2018;;-2.55;-;6964
977;09/04/2018;;-2.16;-;7038
977;19/07/2018;;-2.64;-;7139
977;24/10/2018;;-2.68;-;7236
977;24/01/2019;;-2.5;-;7328
977;08/04/2019;;;N.R.;7402
977;18/07/2019;;-2.67;-;7503
977;22/10/2019;;-2.7;-;7599
977;23/01/2020;;-2.23;-;7692
977;08/04/2020;;-2.28;-;7768
977;09/07/2020;;-2.66;-;7860
977;29/10/2020;;-2.73;-;7972
977;28/01/2021;;-2.46;-;8063
977;15/04/2021;;-2.4;-;8140
977;08/07/2021;;-2.54;-;8224
977;28/10/2021;;-2.73;-;8336
978;01/02/2010;;-3.1;-;4049
978;13/05/2010;;-2.45;-;4150
978;21/07/2010;;-2.5;-;4219
978;26/01/2011;;-2.4;-;4408
978;26/04/2011;;-2.47;-;4498
978;12/07/2011;;-2.77;-;4575
978;24/11/2011;;-3.09;-;4710
978;27/02/2012;;-3.22;-;4805
978;30/04/2012;;-3.18;-;4868
978;27/06/2012;;-3.07;-;4926
978;16/07/2012;;-3.18;-;4945
978;03/09/2012;;-3.33;-;4994
978;23/10/2012;;-3.37;-;5044
978;07/11/2012;;-3.19;-;5059
978;17/12/2012;;-3.09;-;5099
978;06/02/2013;;-2.91;-;5150
978;22/04/2013;;-2.1;-;5225
978;25/06/2013;;-2.3;-;5289
978;24/07/2013;;-2.67;-;5318
978;03/09/2013;;-2.89;-;5359
978;28/10/2013;;-2.83;-;5414
978;30/01/2014;;-2.65;-;5508
978;14/04/2014;;-2.25;-;5582
978;24/07/2014;;-2.64;-;5683
978;21/10/2014;;-2.84;-;5772
978;02/02/2015;;-2.78;-;5876
978;24/03/2015;;;anomalo (-6.7 m);5926
978;29/04/2015;;-2.67;-;5962
978;16/07/2015;;-2.83;-;6040
978;14/09/2015;;-3.03;-;6100
978;19/11/2015;;-3.05;-;6166
978;14/12/2015;;-3.09;-;6191
978;28/01/2016;;-3.15;-;6236
978;22/03/2016;;-2.7;-;6290
978;21/04/2016;;-2.86;-;6320
978;23/06/2016;;-2.6;-;6383
978;07/07/2016;;-2.7;-;6397
978;27/10/2016;;-2.98;-;6509
978;26/01/2017;;-2.96;-;6600
978;13/04/2017;;-2.98;-;6677
978;14/07/2017;;-3.2;-;6769
978;26/10/2017;;-3.44;-;6873
978;25/01/2018;;-3.29;-;6964
978;19/04/2018;;-2.97;-;7048
978;19/07/2018;;-3.1;-;7139
978;08/11/2018;;-3.16;-;7251
978;24/01/2019;;-3.28;-;7328
978;18/04/2019;;-3.35;-;7412
978;18/07/2019;;-3.21;-;7503
978;07/11/2019;;-3.46;-;7615
978;23/01/2020;;-2.99;-;7692
978;09/04/2020;;-3.07;-;7769
978;09/07/2020;;-3.29;-;7860
978;05/11/2020;;-3.46;-;7979
978;28/01/2021;;;N.R.;8063
978;08/04/2021;;-3.25;-;8133
978;08/07/2021;;-3.06;-;8224
978;21/10/2021;;-3.12;-;8329
979;01/02/2010;;-1.7;-;4049
979;18/05/2010;;-1.55;-;4155
979;22/07/2010;;-2.1;-;4220
979;26/01/2011;;-1.52;-;4408
979;26/04/2011;;-1.76;-;4498
979;14/07/2011;;-2.24;-;4577
979;22/11/2011;;-1.98;-;4708
979;27/02/2012;;-2;-;4805
979;03/05/2012;;-1.9;-;4871
979;27/06/2012;;-2.17;-;4926
979;12/07/2012;;-2.32;-;4941
979;03/09/2012;;-2.33;-;4994
979;22/10/2012;;-2.09;-;5043
979;06/11/2012;;-1.71;-;5058
979;17/12/2012;;-1.42;-;5099
979;07/02/2013;;-1.28;-;5151
979;25/02/2013;;-1.5;-;5169
979;22/04/2013;;-1;-;5225
979;24/06/2013;;-1.8;-;5288
979;25/07/2013;;-1.89;-;5319
979;02/09/2013;;-2;-;5358
979;29/10/2013;;-1.75;-;5415
979;30/01/2014;;-1.22;-;5508
979;14/04/2014;;-1.57;-;5582
979;24/07/2014;;-1.94;-;5683
979;21/10/2014;;-1.74;-;5772
979;02/02/2015;;-1.67;-;5876
979;29/04/2015;;-1.7;-;5962
979;16/07/2015;;-2.1;-;6040
979;12/11/2015;;-1.99;-;6159
979;28/01/2016;;-1.93;-;6236
979;14/04/2016;;-1.74;-;6313
979;07/07/2016;;-1.75;-;6397
979;10/11/2016;;-1.9;-;6523
979;26/01/2017;;-1.85;-;6600
979;03/05/2017;;-1.85;-;6697
979;21/07/2017;;-2.26;-;6776
979;06/11/2017;;-2.28;-;6884
979;25/01/2018;;-1.96;-;6964
979;19/04/2018;;-1.71;-;7048
979;19/07/2018;;-2;-;7139
979;22/10/2018;;-2.14;-;7234
979;24/01/2019;;-1.87;-;7328
979;18/04/2019;;-1.9;-;7412
979;18/07/2019;;-2.04;-;7503
979;21/10/2019;;-1.66;-;7598
979;23/01/2020;;-1.53;-;7692
979;16/04/2020;;-1.77;-;7776
979;09/07/2020;;-1.97;-;7860
979;22/10/2020;;-1.86;-;7965
979;28/01/2021;;-1.5;-;8063
979;08/04/2021;;-1.79;-;8133
979;08/07/2021;;-1.94;-;8224
979;21/10/2021;;-2.06;-;8329
980;02/02/2010;;-1.52;-;4050
980;18/05/2010;;-1.32;-;4155
980;21/07/2010;;-1.63;-;4219
980;31/01/2011;;-1.43;-;4413
980;26/04/2011;;-1.54;-;4498
980;14/07/2011;;-1.9;-;4577
980;22/11/2011;;-1.9;-;4708
980;27/02/2012;;-1.92;-;4805
980;03/05/2012;;-1.72;-;4871
980;27/06/2012;;-1.78;-;4926
980;12/07/2012;;-1.9;-;4941
980;03/09/2012;;-2.12;-;4994
980;22/10/2012;;-1.85;-;5043
980;06/11/2012;;-1.5;-;5058
980;17/12/2012;;-1.39;-;5099
980;08/02/2013;;-1.25;-;5152
980;25/02/2013;;-1.38;-;5169
980;22/04/2013;;-1.3;-;5225
980;24/06/2013;;-1.45;-;5288
980;25/07/2013;;-1.55;-;5319
980;02/09/2013;;-1.75;-;5358
980;29/10/2013;;-1.54;-;5415
980;30/01/2014;;-1.28;-;5508
980;14/04/2014;;-1.39;-;5582
980;24/07/2014;;-1.61;-;5683
980;21/10/2014;;-1.58;-;5772
980;02/02/2015;;-1.53;-;5876
980;28/04/2015;;-1.56;-;5961
980;16/07/2015;;-1.8;-;6040
980;12/11/2015;;-1.9;-;6159
980;28/01/2016;;-1.85;-;6236
980;14/04/2016;;-1.52;-;6313
980;07/07/2016;;-1.5;-;6397
980;10/11/2016;;-1.7;-;6523
980;26/01/2017;;-1.7;-;6600
980;03/05/2017;;-1.58;-;6697
980;14/07/2017;;-1.89;-;6769
980;06/11/2017;;-2.04;-;6884
980;25/01/2018;;-1.85;-;6964
980;19/04/2018;;-1.56;-;7048
980;19/07/2018;;-1.79;-;7139
980;22/10/2018;;-1.75;-;7234
980;24/01/2019;;-1.66;-;7328
980;18/04/2019;;-1.7;-;7412
980;18/07/2019;;-1.69;-;7503
980;21/10/2019;;-1.62;-;7598
980;23/01/2020;;-1.48;-;7692
980;16/04/2020;;-1.6;-;7776
980;09/07/2020;;-1.86;-;7860
980;22/10/2020;;-1.83;-;7965
980;28/01/2021;;-1.47;-;8063
980;08/04/2021;;-1.65;-;8133
980;08/07/2021;;-1.67;-;8224
980;21/10/2021;;-1.9;-;8329
981;01/02/2010;;-1.27;-;4049
981;13/05/2010;;-0.86;-;4150
981;20/07/2010;;-1.64;-;4218
981;27/01/2011;;-1.27;-;4409
981;19/04/2011;;-1.43;-;4491
981;14/07/2011;;-1.85;-;4577
981;21/11/2011;;-1.77;-;4707
981;28/02/2012;;-1.93;-;4806
981;04/05/2012;;-1.84;-;4872
981;19/06/2012;;-1.99;-;4918
981;10/07/2012;;-2.27;-;4939
981;28/08/2012;;-2.52;-;4988
981;16/10/2012;;-2.05;-;5037
981;08/11/2012;;-1.39;-;5060
981;11/12/2012;;-1.25;-;5093
981;05/02/2013;;-0.74;-;5149
981;19/02/2013;;-0.85;-;5163
981;16/04/2013;;-1.04;-;5219
981;18/06/2013;;-1.46;-;5282
981;26/07/2013;;-1.8;-;5320
981;27/08/2013;;-1.62;-;5352
981;30/10/2013;;-1.38;-;5416
981;31/01/2014;;-0.6;-;5509
981;17/04/2014;;-1.43;-;5585
981;22/07/2014;;-1.6;-;5681
981;11/11/2014;;-1.4;-;5793
981;02/02/2015;;-1.22;-;5876
981;10/03/2015;;-1.28;-;5912
981;14/04/2015;;-1.3;-;5947
981;24/07/2015;;-1.78;-;6048
981;17/09/2015;;-1.96;-;6103
981;28/10/2015;;-1.36;-;6144
981;15/12/2015;;-1.47;-;6192
981;01/02/2016;;-1.38;-;6240
981;09/03/2016;;-0.6;-;6277
981;05/05/2016;;-1.25;-;6334
981;08/06/2016;;-1.1;-;6368
981;15/07/2016;;-1.48;-;6405
981;16/11/2016;;-1.36;-;6529
981;27/01/2017;;-1.4;-;6601
981;12/04/2017;;-1.5;-;6676
981;21/07/2017;;-1.97;-;6776
981;24/10/2017;;;N.R.;6871
981;26/01/2018;;-1.39;-;6965
981;09/04/2018;;-1.13;-;7038
981;16/07/2018;;-1.71;-;7136
981;24/10/2018;;-1.59;-;7236
981;30/01/2019;;-1.42;-;7334
981;08/04/2019;;-1.22;-;7402
981;16/07/2019;;-1.6;-;7501
981;22/10/2019;;-1.65;-;7599
981;30/01/2020;;-0.79;-;7699
981;08/04/2020;;-1.4;-;7768
981;16/07/2020;;-1.81;-;7867
981;29/10/2020;;-1.73;-;7972
981;22/01/2021;;-1.31;-;8057
981;15/04/2021;;-1.1;-;8140
981;12/07/2021;;-1.5;-;8228
981;28/10/2021;;-1.9;-;8336
1029;21/06/2012;;-2.01;-;4920
1029;30/08/2012;;-1.62;-;4990
1029;18/10/2012;;-2.27;-;5039
1029;20/12/2012;;-1.8;-;5102
1029;21/02/2013;;-1.83;-;5165
1029;18/04/2013;;-2.1;-;5221
1029;20/06/2013;;-1.94;-;5284
1029;29/08/2013;;-1.67;-;5354
1029;16/03/2015;;-1.87;-;5918
1029;23/09/2015;;-2.45;-;6109
1029;02/12/2015;;-2.3;-;6179
1029;10/03/2016;;-1.61;-;6278
1029;09/06/2016;;-1.5;-;6369
1029;05/05/2021;;-1.28;-;8160
1029;01/12/2021;;-2;-;8370
1030;21/06/2012;;-1.36;-;4920
1030;30/08/2012;;-1.9;-;4990
1030;18/10/2012;;-1.55;-;5039
1030;20/12/2012;;-0.9;-;5102
1030;21/02/2013;;-0.95;-;5165
1030;18/04/2013;;-1.1;-;5221
1030;20/06/2013;;-1.12;-;5284
1030;29/08/2013;;-1.1;-;5354
1030;17/03/2015;;-1.17;-;5919
1030;08/09/2015;;-1.66;-;6094
1030;01/12/2015;;-1.51;-;6178
1030;01/03/2016;;-0.6;-;6269
1030;16/06/2016;;-0.6;-;6376
1030;05/05/2021;;-1.19;-;8160
1030;25/11/2021;;-1.48;-;8364
1031;21/06/2012;;-6.36;-;4920
1031;30/08/2012;;-7.07;-;4990
1031;18/10/2012;;-6.98;-;5039
1031;20/12/2012;;-6.34;-;5102
1031;21/02/2013;;-6.1;-;5165
1031;18/04/2013;;-4.65;-;5221
1031;20/06/2013;;-4.42;-;5284
1031;29/08/2013;;-5.74;-;5354
1031;17/03/2015;;-5.7;-;5919
1031;08/09/2015;;-6.5;-;6094
1031;01/12/2015;;-6.65;-;6178
1031;01/03/2016;;-6.55;-;6269
1031;16/06/2016;;-5.48;-;6376
1031;03/05/2021;;-6;-;8158
1031;25/11/2021;;-6.5;-;8364
1032;21/06/2012;;-2.03;-;4920
1032;03/09/2012;;-2.38;-;4994
1032;18/10/2012;;-1.93;-;5039
1032;20/12/2012;;-1.5;-;5102
1032;21/02/2013;;-1.6;-;5165
1032;18/04/2013;;-1.6;-;5221
1032;20/06/2013;;-1.82;-;5284
1032;29/08/2013;;-1.9;-;5354
1032;16/03/2015;;-2;-;5918
1032;23/09/2015;;-2.43;-;6109
1032;02/12/2015;;-2.3;-;6179
1032;02/03/2016;;-1.16;-;6270
1032;09/06/2016;;-1.5;-;6369
1032;05/05/2021;;-1.88;-;8160
1032;03/11/2021;;-2.29;-;8342
1033;18/06/2012;;-2.3;-;4917
1033;27/08/2012;;-2.45;-;4987
1033;15/10/2012;;-2.42;-;5036
1033;10/12/2012;;-2.12;-;5092
1033;18/02/2013;;-1.99;-;5162
1033;15/04/2013;;-1.93;-;5218
1033;19/06/2013;;-2.02;-;5283
1033;26/08/2013;;-2.17;-;5351
1033;09/05/2019;;-1.95;-;7433
1033;05/11/2019;;-2.18;-;7613
1033;03/05/2021;;-2.11;-;8158
1033;29/11/2021;;-2.24;-;8368
1034;18/06/2012;;-2.4;-;4917
1034;27/08/2012;;-2.63;-;4987
1034;15/10/2012;;-2.56;-;5036
1034;10/12/2012;;-2.13;-;5092
1034;18/02/2013;;-1.87;-;5162
1034;15/04/2013;;-1.76;-;5218
1034;19/06/2013;;-2.02;-;5283
1034;26/08/2013;;-2.27;-;5351
1034;09/05/2019;;-1.85;-;7433
1034;05/11/2019;;-2.26;-;7613
1034;03/05/2021;;-2.11;-;8158
1034;29/11/2021;;-2.24;-;8368
1035;18/06/2012;;-2.9;-;4917
1035;27/08/2012;;-4.12;-;4987
1035;15/10/2012;;-3.7;-;5036
1035;10/12/2012;;-2.69;-;5092
1035;18/02/2013;;-1.4;-;5162
1035;15/04/2013;;-1.19;-;5218
1035;19/06/2013;;-1.57;-;5283
1035;26/08/2013;;-1.96;-;5351
1035;09/03/2015;;-0.87;-;5911
1035;09/09/2015;;-2.38;-;6095
1035;10/12/2015;;-2.5;-;6187
1035;08/03/2016;;-1.15;-;6276
1035;07/06/2016;;-1.3;-;6367
1035;04/05/2021;;-2.1;-;8159
1035;29/11/2021;;-2.13;-;8368
1036;18/06/2012;;-0.95;-;4917
1036;27/08/2012;;-1.74;-;4987
1036;15/10/2012;;-1.11;-;5036
1036;10/12/2012;;-0.55;-;5092
1036;18/02/2013;;-0.47;-;5162
1036;15/04/2013;;-0.55;-;5218
1036;19/06/2013;;-0.87;-;5283
1036;23/07/2013;;-1.38;-;5317
1036;26/08/2013;;-1.05;-;5351
1036;12/10/2013;;-0.97;-;5398
1036;31/01/2014;;-0.05;-;5509
1036;17/04/2014;;-1.01;-;5585
1036;23/07/2014;;-0.9;-;5682
1036;21/10/2014;;;N.R.;5772
1036;23/02/2015;;-0.65;-;5897
1036;20/04/2015;;-0.71;-;5953
1036;24/07/2015;;-1.44;-;6048
1036;05/11/2015;;-1.14;-;6152
1036;01/02/2016;;-1;-;6240
1036;18/04/2016;;-0.85;-;6317
1036;15/07/2016;;-1.09;-;6405
1036;08/11/2016;;-0.6;-;6521
1036;27/01/2017;;-0.9;-;6601
1036;02/05/2017;;-0.76;-;6696
1036;21/07/2017;;-1.57;-;6776
1036;31/10/2017;;-1.27;-;6878
1036;26/01/2018;;-0.82;-;6965
1036;09/04/2018;;-0.68;-;7038
1036;16/07/2018;;-1.01;-;7136
1036;05/11/2018;;-0.4;-;7248
1036;23/01/2019;;-0.89;-;7327
1036;09/04/2019;;-0.78;-;7403
1036;16/07/2019;;-0.98;-;7501
1036;28/10/2019;;-1.04;-;7605
1036;30/01/2020;;-0.8;-;7699
1036;09/04/2020;;-0.93;-;7769
1036;16/07/2020;;-1.37;-;7867
1036;02/11/2020;;-1.02;-;7976
1036;22/01/2021;;-0.78;-;8057
1036;12/04/2021;;-0.45;-;8137
1036;12/07/2021;;-0.98;-;8228
1036;25/10/2021;;-1.3;-;8333
1037;21/06/2012;;-1.57;-;4920
1037;30/08/2012;;-2.18;-;4990
1037;18/10/2012;;-2.1;-;5039
1037;20/12/2012;;-1.15;-;5102
1037;21/02/2013;;-0.98;-;5165
1037;18/04/2013;;-1.2;-;5221
1037;20/06/2013;;-1.24;-;5284
1037;29/08/2013;;-1.5;-;5354
1037;18/03/2015;;-1.17;-;5920
1037;10/09/2015;;-1.8;-;6096
1037;03/12/2015;;-1.8;-;6180
1037;07/03/2016;;-0.96;-;6275
1037;06/06/2016;;-1.83;-;6366
1037;05/05/2021;;-1.32;-;8160
1037;02/11/2021;;-1.63;-;8341
1038;18/06/2012;;-0.97;-;4917
1038;28/08/2012;;-1.94;-;4988
1038;16/10/2012;;-1.98;-;5037
1038;11/12/2012;;-1.1;-;5093
1038;19/02/2013;;-0.2;-;5163
1038;16/04/2013;;-0.24;-;5219
1038;18/06/2013;;-0.53;-;5282
1038;27/08/2013;;-1.45;-;5352
1038;10/03/2015;;-0.39;-;5912
1038;17/09/2015;;-1.6;-;6103
1038;15/12/2015;;-1.52;-;6192
1038;09/03/2016;;;N.R.;6277
1038;08/06/2016;;-0.2;-;6368
1038;24/05/2021;;-0.45;-;8179
1038;04/11/2021;;-1.4;-;8343
1039;27/06/2012;;-2.5;-;4926
1039;03/09/2012;;-3.1;-;4994
1039;23/10/2012;;-2.98;-;5044
1039;17/12/2012;;-1.7;-;5099
1039;25/02/2013;;-1.08;-;5169
1039;22/04/2013;;-1.08;-;5225
1039;24/06/2013;;-1.5;-;5288
1039;03/09/2013;;-1.94;-;5359
1039;24/03/2015;;-3.7;-;5926
1039;21/09/2015;;-1.99;-;6107
1039;17/12/2015;;-2.44;-;6194
1039;23/03/2016;;-1.2;-;6291
1039;22/06/2016;;-1.1;-;6382
1039;26/05/2021;;-1.72;-;8181
1039;22/11/2021;;-2.74;-;8361
1040;27/06/2012;;-2.95;-;4926
1040;03/09/2012;;-3.3;-;4994
1040;23/10/2012;;-3.3;-;5044
1040;17/12/2012;;-2.25;-;5099
1040;25/02/2013;;-1.15;-;5169
1040;22/04/2013;;-1.15;-;5225
1040;24/06/2013;;-1.6;-;5288
1040;03/09/2013;;-2.07;-;5359
1040;06/05/2019;;-1.78;-;7430
1040;05/11/2019;;-2.01;-;7613
1040;26/05/2021;;-1.74;-;8181
1040;22/11/2021;;-2.74;-;8361
1041;27/06/2012;;-1.1;-;4926
1041;03/09/2012;;-1.42;-;4994
1041;22/10/2012;;-1.09;-;5043
1041;17/12/2012;;-0.35;-;5099
1041;25/02/2013;;-0.18;-;5169
1041;23/04/2013;;-0.1;-;5226
1041;24/06/2013;;-0.4;-;5288
1041;03/09/2013;;-0.75;-;5359
1041;24/03/2015;;-0.1;-;5926
1041;14/09/2015;;-0.72;-;6100
1041;14/12/2015;;-1.27;-;6191
1041;14/12/2015;;-1.27;-;6191
1041;22/03/2016;;;N.R.;6290
1041;23/06/2016;;-0.3;-;6383
1042;19/06/2012;;-2.5;-;4918
1042;28/08/2012;;-3.09;-;4988
1042;16/10/2012;;-2.57;-;5037
1042;12/12/2012;;-1.5;-;5094
1042;19/02/2013;;-0.7;-;5163
1042;23/04/2013;;-0.98;-;5226
1042;18/06/2013;;-1.37;-;5282
1042;27/08/2013;;-1.75;-;5352
1043;27/06/2012;;-1.85;-;4926
1043;03/09/2012;;-2.39;-;4994
1043;22/10/2012;;-2.02;-;5043
1043;17/12/2012;;-1.25;-;5099
1043;25/02/2013;;-1;-;5169
1043;22/04/2013;;-0.55;-;5225
1043;24/06/2013;;-1.07;-;5288
1043;03/09/2013;;-1.9;-;5359
1043;25/03/2015;;-1.26;-;5927
1043;21/09/2015;;-1.99;-;6107
1043;17/12/2015;;-2.12;-;6194
1043;23/03/2016;;-1.35;-;6291
1043;22/06/2016;;-1.1;-;6382
1043;27/05/2021;;-1.23;-;8182
1043;24/11/2021;;-2.13;-;8363
1044;18/06/2012;;-4.36;-;4917
1044;28/08/2012;;-4.68;-;4988
1044;16/10/2012;;-4.44;-;5037
1044;11/12/2012;;-3.81;-;5093
1044;19/02/2013;;-2.55;-;5163
1044;16/04/2013;;-2.4;-;5219
1044;18/06/2013;;-2.92;-;5282
1044;27/08/2013;;-2.93;-;5352
1044;12/03/2015;;-3.4;-;5914
1044;18/06/2015;;-3.03;-;6012
1044;16/09/2015;;-3.92;-;6102
1044;16/12/2015;;-4;-;6193
1044;21/03/2016;;-2.88;-;6289
1044;20/06/2016;;-2.83;-;6380
1044;25/05/2021;;-3.3;-;8180
1044;23/11/2021;;-4.27;-;8362
1045;18/06/2012;;-1.98;-;4917
1045;28/08/2012;;-2.92;-;4988
1045;16/10/2012;;-2.91;-;5037
1045;11/12/2012;;-1.97;-;5093
1045;19/02/2013;;-0.98;-;5163
1045;16/04/2013;;-1.09;-;5219
1045;18/06/2013;;-1.37;-;5282
1045;27/08/2013;;-2.25;-;5352
1045;12/03/2015;;-1.2;-;5914
1045;18/06/2015;;-1.47;-;6012
1045;16/09/2015;;-2.64;-;6102
1045;16/12/2015;;-2.64;-;6193
1045;21/03/2016;;-1.15;-;6289
1045;20/06/2016;;-1.02;-;6380
1045;24/05/2021;;-1.45;-;8179
1045;04/11/2021;;-2.55;-;8343
1046;27/06/2012;;-0.52;-;4926
1046;04/09/2012;;-0.55;-;4995
1046;22/10/2012;;-0.84;-;5043
1046;18/12/2012;;-0.33;-;5100
1046;25/02/2013;;-0.45;-;5169
1046;22/04/2013;;-0.27;-;5225
1046;24/06/2013;;-0.39;-;5288
1046;02/09/2013;;-0.67;-;5358
1046;06/05/2019;;-0.27;-;7430
1046;05/11/2019;;-0.38;-;7613
1046;27/05/2021;;-0.3;-;8182
1046;24/11/2021;;-0.66;-;8363
1068;27/06/2012;;-2.09;-;4926
1068;03/09/2012;;-2.38;-;4994
1068;22/10/2012;;-2.43;-;5043
1068;17/12/2012;;-1.8;-;5099
1068;25/02/2013;;-1.35;-;5169
1068;22/04/2013;;-1;-;5225
1068;24/06/2013;;-1.45;-;5288
1068;02/09/2013;;-1.85;-;5358
1068;19/09/2018;;-1.87;-;7201
1068;16/10/2018;;-1.94;-;7228
1068;23/11/2018;;-1.78;-;7266
1068;11/12/2018;;-1.69;-;7284
1068;16/01/2019;;-1.71;-;7320
1068;13/03/2019;;-1.87;-;7376
1068;08/04/2019;;-1.85;-;7402
1068;10/07/2019;;-1.84;-;7495
1068;11/09/2019;;-1.8;-;7558
1068;15/10/2019;;-2.2;-;7592
1068;20/11/2019;;-1.52;-;7628
1068;18/12/2019;;-1.24;-;7656
1068;19/02/2020;;-2.6;-;7719
1068;25/03/2020;;-1.7;-;7754
1068;19/05/2020;;-1.8;-;7809
1068;15/06/2020;;-1.9;-;7836
1068;13/07/2020;;-1.94;-;7864
1068;11/08/2020;;-2;-;7893
1068;16/09/2020;;;N.R.;7929
1068;14/10/2020;;-2.2;-;7957
1068;16/12/2020;;-1.85;-;8020
1068;28/01/2021;;-1.64;-;8063
1068;10/02/2021;;-1.58;-;8076
1068;10/03/2021;;-1.73;-;8104
1068;08/04/2021;;-1.77;-;8133
1068;05/05/2021;;-1.72;-;8160
1068;16/06/2021;;-1.69;-;8202
1068;01/07/2021;;-1.73;-;8217
1068;05/08/2021;;-1.9;-;8252
1068;08/09/2021;;-2;-;8286
1068;07/10/2021;;-2.1;-;8315
1068;04/11/2021;;-2.1;-;8343
1068;16/12/2021;;-2;-;8385
